set serveroutput on size 1000000
spool 100_initial_REF_catalogs_data_UDEBS.log

set define off

PROMPT Disable all foreign key constraints and triggers
begin
  for rec in (select * from user_constraints where constraint_type = 'R' and status = 'ENABLED') loop
    execute immediate 'alter table '||rec.table_name||' disable constraint '||rec.constraint_name;
  end loop;
  for rec in (select * from user_triggers where status = 'ENABLED') loop
    execute immediate 'alter trigger '||rec.trigger_name||' disable';
  end loop;
  commit;
end;
/

PROMPT Added REF catalogs for UDEBS

PROMPT /* ------------ MULTI LANGUAGE TEXT FUNCTION ------------ */
CREATE OR REPLACE
Procedure multi_lang_txt(atid number,apid varchar2,alng varchar2,atxt varchar2) is
    tmp pls_integer;
BEGIN
    SELECT COUNT(*) INTO tmp FROM supportedlang WHERE langid = alng;
    if tmp > 0 then
        INSERT INTO LANGUAGETEXTS(PurposeID,TextID,LangID,Text) values (apid,atid,alng,atxt);
    end if;
exception
    when DUP_VAL_ON_INDEX then
        UPDATE LANGUAGETEXTS set Text=atxt WHERE textID=atid and PurposeID=apid and LangID=alng;
    when OTHERS then
        dbms_output.put_line(substr('PurposeID: '||apid||', LangID: '||alng||', Text: '||atxt,1,255));
        dbms_output.put_line(substr(sqlerrm,1,255));
End;
/

PROMPT /* ------------ CATALOG DEFINITION SUPPORTEDLANG ------------ */
DECLARE n Number;
BEGIN
BEGIN
  INSERT INTO CATALOG(CODE,TIMEBASED,PRIMARYKEYATTRIBUTENAMES,ORDERBYATTRIBUTENAMES,COMMONTABLEUSED,EDITABILITYMODE,ENTITYVERSIONATTRIBUTENAME)
  VALUES ('SUPPORTEDLANG',0,'LANGID','LangId',0,'N',null);
EXCEPTION WHEN DUP_VAL_ON_INDEX THEN
  UPDATE CATALOG SET TIMEBASED=0,PRIMARYKEYATTRIBUTENAMES='LANGID',ORDERBYATTRIBUTENAMES='LangId',
    COMMONTABLEUSED=0,EDITABILITYMODE='N',ENTITYVERSIONATTRIBUTENAME=null
  WHERE CODE='SUPPORTEDLANG';
END;
  SELECT DISTINCT B.textID INTO n FROM CATALOG A, (SELECT textID FROM TEXTS) B WHERE A.textID=B.textID(+) and CODE='SUPPORTEDLANG';
  IF n IS NULL THEN
    n:=getnexttextid('');
    UPDATE CATALOG SET textID=n WHERE CODE='SUPPORTEDLANG';
  end if;
  multi_lang_txt(n,'DEFAULT','en',UTL_RAW.Cast_To_Varchar2(HexToRaw('4C616E677561676573')));
END;
/
PROMPT /* ------------ CATALOG CLEANUP DELETE ------------ */
DELETE FROM SUPPORTEDLANG;

PROMPT /* ------------ CATALOG VALUES WITHOUT TEXTS - INITIAL ------------ */
DECLARE n Number;
BEGIN
BEGIN
    INSERT INTO SUPPORTEDLANG (LANGID,STATUSID,LANGORDER,LANGDIR,LOCALLANG,SUBSTLANGID)
    VALUES ('cs','1','2','czech','0','en');
EXCEPTION WHEN DUP_VAL_ON_INDEX THEN
    UPDATE SUPPORTEDLANG SET STATUSID='1',LANGORDER='2',LANGDIR='czech',LOCALLANG='0',SUBSTLANGID='en' WHERE LANGID='cs';
END;
END;
/
DECLARE n Number;
BEGIN
BEGIN
    INSERT INTO SUPPORTEDLANG (LANGID,STATUSID,LANGORDER,LANGDIR,LOCALLANG,SUBSTLANGID)
    VALUES ('en','1','1','english','1','cs');
EXCEPTION WHEN DUP_VAL_ON_INDEX THEN
    UPDATE SUPPORTEDLANG SET STATUSID='1',LANGORDER='1',LANGDIR='english',LOCALLANG='1',SUBSTLANGID='cs' WHERE LANGID='en';
END;
END;
/
DECLARE n Number;
BEGIN
BEGIN
    INSERT INTO SUPPORTEDLANG (LANGID,STATUSID,LANGORDER,LANGDIR,LOCALLANG,SUBSTLANGID)
    VALUES ('sk','1','3','slovak','0','en');
EXCEPTION WHEN DUP_VAL_ON_INDEX THEN
    UPDATE SUPPORTEDLANG SET STATUSID='1',LANGORDER='3',LANGDIR='slovak',LOCALLANG='0',SUBSTLANGID='en' WHERE LANGID='sk';
END;
END;
/
PROMPT /* ------------ CATALOG VALUES ------------ */
DECLARE n Number;
BEGIN
BEGIN
    INSERT INTO SUPPORTEDLANG (LANGID,STATUSID,LANGORDER,LANGDIR,LOCALLANG,SUBSTLANGID)
    VALUES ('cs','1','2','czech','0','en');
EXCEPTION WHEN DUP_VAL_ON_INDEX THEN
    UPDATE SUPPORTEDLANG SET STATUSID='1',LANGORDER='2',LANGDIR='czech',LOCALLANG='0',SUBSTLANGID='en' WHERE LANGID='cs';
END;SELECT DISTINCT B.textID INTO n FROM SUPPORTEDLANG A, (SELECT textID FROM TEXTS) B WHERE A.textID=B.textID(+) and LANGID='cs';
IF n IS NULL THEN
    n:=getnexttextid('');
    UPDATE SUPPORTEDLANG SET textID=n WHERE LANGID='cs';
END IF;
    multi_lang_txt(n,'DEFAULT','cs',UTL_RAW.Cast_To_Varchar2(HexToRaw('C48C65C5A174696E61')));
    multi_lang_txt(n,'DEFAULT','sk',UTL_RAW.Cast_To_Varchar2(HexToRaw('C48C65C5A174696E61')));
    multi_lang_txt(n,'DEFAULT','en',UTL_RAW.Cast_To_Varchar2(HexToRaw('437A656368')));
END;
/
DECLARE n Number;
BEGIN
BEGIN
    INSERT INTO SUPPORTEDLANG (LANGID,STATUSID,LANGORDER,LANGDIR,LOCALLANG,SUBSTLANGID)
    VALUES ('en','1','1','english','1','cs');
EXCEPTION WHEN DUP_VAL_ON_INDEX THEN
    UPDATE SUPPORTEDLANG SET STATUSID='1',LANGORDER='1',LANGDIR='english',LOCALLANG='1',SUBSTLANGID='cs' WHERE LANGID='en';
END;SELECT DISTINCT B.textID INTO n FROM SUPPORTEDLANG A, (SELECT textID FROM TEXTS) B WHERE A.textID=B.textID(+) and LANGID='en';
IF n IS NULL THEN
    n:=getnexttextid('');
    UPDATE SUPPORTEDLANG SET textID=n WHERE LANGID='en';
END IF;
    multi_lang_txt(n,'DEFAULT','cs',UTL_RAW.Cast_To_Varchar2(HexToRaw('416E676C69C48D74696E61')));
    multi_lang_txt(n,'DEFAULT','sk',UTL_RAW.Cast_To_Varchar2(HexToRaw('416E676C69C48D74696E61')));
    multi_lang_txt(n,'DEFAULT','en',UTL_RAW.Cast_To_Varchar2(HexToRaw('456E676C697368')));
END;
/
DECLARE n Number;
BEGIN
BEGIN
    INSERT INTO SUPPORTEDLANG (LANGID,STATUSID,LANGORDER,LANGDIR,LOCALLANG,SUBSTLANGID)
    VALUES ('sk','1','3','slovak','0','en');
EXCEPTION WHEN DUP_VAL_ON_INDEX THEN
    UPDATE SUPPORTEDLANG SET STATUSID='1',LANGORDER='3',LANGDIR='slovak',LOCALLANG='0',SUBSTLANGID='en' WHERE LANGID='sk';
END;SELECT DISTINCT B.textID INTO n FROM SUPPORTEDLANG A, (SELECT textID FROM TEXTS) B WHERE A.textID=B.textID(+) and LANGID='sk';
IF n IS NULL THEN
    n:=getnexttextid('');
    UPDATE SUPPORTEDLANG SET textID=n WHERE LANGID='sk';
END IF;
    multi_lang_txt(n,'DEFAULT','cs',UTL_RAW.Cast_To_Varchar2(HexToRaw('536C6F76656EC5A174696E61')));
    multi_lang_txt(n,'DEFAULT','sk',UTL_RAW.Cast_To_Varchar2(HexToRaw('536C6F76656EC48D696E61')));
    multi_lang_txt(n,'DEFAULT','en',UTL_RAW.Cast_To_Varchar2(HexToRaw('536C6F76616B')));
END;
/
PROMPT /* ------------ CATALOG DEFINITION GLOBALSYSTEMPARAMETER ------------ */
DECLARE n Number;
BEGIN
BEGIN
  INSERT INTO CATALOG(CODE,TIMEBASED,PRIMARYKEYATTRIBUTENAMES,ORDERBYATTRIBUTENAMES,COMMONTABLEUSED,EDITABILITYMODE,ENTITYVERSIONATTRIBUTENAME)
  VALUES ('GLOBALSYSTEMPARAMETER',0,'PARAMNAME','ParamName',0,'N','EntityTimestamp');
EXCEPTION WHEN DUP_VAL_ON_INDEX THEN
  UPDATE CATALOG SET TIMEBASED=0,PRIMARYKEYATTRIBUTENAMES='PARAMNAME',ORDERBYATTRIBUTENAMES='ParamName',
    COMMONTABLEUSED=0,EDITABILITYMODE='N',ENTITYVERSIONATTRIBUTENAME='EntityTimestamp'
  WHERE CODE='GLOBALSYSTEMPARAMETER';
END;
  SELECT DISTINCT B.textID INTO n FROM CATALOG A, (SELECT textID FROM TEXTS) B WHERE A.textID=B.textID(+) and CODE='GLOBALSYSTEMPARAMETER';
  IF n IS NULL THEN
    n:=getnexttextid('');
    UPDATE CATALOG SET textID=n WHERE CODE='GLOBALSYSTEMPARAMETER';
  end if;
  multi_lang_txt(n,'DEFAULT','en',UTL_RAW.Cast_To_Varchar2(HexToRaw('476C6F62616C2053797374656D20506172616D6574657273')));
END;
/
PROMPT /* ------------ CATALOG CLEANUP DELETE ------------ */
DELETE FROM GLOBALSYSTEMPARAMETER;

PROMPT /* ------------ CATALOG VALUES ------------ */
DECLARE n Number;
BEGIN
BEGIN
    INSERT INTO GLOBALSYSTEMPARAMETER (PARAMNAME,VALUE,FORADMINISTRATION,EDITABLE,BINARY,FORFRONTEND)
    VALUES ('BANK_TIME_ZONE','CET','1','0','0','1');
EXCEPTION WHEN DUP_VAL_ON_INDEX THEN
    UPDATE GLOBALSYSTEMPARAMETER SET VALUE='CET',FORADMINISTRATION='1',EDITABLE='0',BINARY='0',FORFRONTEND='1' WHERE PARAMNAME='BANK_TIME_ZONE';
END;SELECT DISTINCT B.textID INTO n FROM GLOBALSYSTEMPARAMETER A, (SELECT textID FROM TEXTS) B WHERE A.textID=B.textID(+) and PARAMNAME='BANK_TIME_ZONE';
IF n IS NULL THEN
    n:=getnexttextid('');
    UPDATE GLOBALSYSTEMPARAMETER SET textID=n WHERE PARAMNAME='BANK_TIME_ZONE';
END IF;
    multi_lang_txt(n,'DEFAULT','cs',UTL_RAW.Cast_To_Varchar2(HexToRaw('C48C61736F76C3A92070C3A1736D6F2062616E6B79')));
    multi_lang_txt(n,'DEFAULT','sk',UTL_RAW.Cast_To_Varchar2(HexToRaw('C48C61736F76C3A92070C3A1736D6F2062616E6B79')));
    multi_lang_txt(n,'DEFAULT','en',UTL_RAW.Cast_To_Varchar2(HexToRaw('54696D657A6F6E65206F662062616E6B')));
END;
/
DECLARE n Number;
BEGIN
BEGIN
    INSERT INTO GLOBALSYSTEMPARAMETER (PARAMNAME,VALUE,FORADMINISTRATION,EDITABLE,BINARY,FORFRONTEND)
    VALUES ('CERT_METHOD_SAME_AS_AUTH','0','1','0','0','1');
EXCEPTION WHEN DUP_VAL_ON_INDEX THEN
    UPDATE GLOBALSYSTEMPARAMETER SET VALUE='0',FORADMINISTRATION='1',EDITABLE='0',BINARY='0',FORFRONTEND='1' WHERE PARAMNAME='CERT_METHOD_SAME_AS_AUTH';
END;SELECT DISTINCT B.textID INTO n FROM GLOBALSYSTEMPARAMETER A, (SELECT textID FROM TEXTS) B WHERE A.textID=B.textID(+) and PARAMNAME='CERT_METHOD_SAME_AS_AUTH';
IF n IS NULL THEN
    n:=getnexttextid('');
    UPDATE GLOBALSYSTEMPARAMETER SET textID=n WHERE PARAMNAME='CERT_METHOD_SAME_AS_AUTH';
END IF;
    multi_lang_txt(n,'DEFAULT','cs',UTL_RAW.Cast_To_Varchar2(HexToRaw('496E64696BC3A1746F7220646566696E756AC3AD63C3AD207A646120736520706F75C5BEC3AD76C3A1207374656A6EC3A120617574656E74697A61C48D6EC3AD206120636572746966696B61C48D6EC3AD206D65746F6461')));
    multi_lang_txt(n,'DEFAULT','sk',UTL_RAW.Cast_To_Varchar2(HexToRaw('496E64696BC3A1746F7220646566696E756AC3BA636920C48D6920736120706F75C5BEC3AD766120726F766E616BC3A120617574656E74697A61C48D6EC3A1206120636572746966696B61C48D6EC3A1206D6574C3B36461')));
    multi_lang_txt(n,'DEFAULT','en',UTL_RAW.Cast_To_Varchar2(HexToRaw('496E64696361746F7220776865746865722062616E6B2075736573207468652073616D652061757468656E7469636174696F6E20616E642063657274696669636174696F6E206D6574686F6473')));
END;
/
DECLARE n Number;
BEGIN
BEGIN
    INSERT INTO GLOBALSYSTEMPARAMETER (PARAMNAME,VALUE,FORADMINISTRATION,EDITABLE,BINARY,FORFRONTEND)
    VALUES ('LOGOUT_URL_CS','https://www.bsc-ideas.com','1','1','0','0');
EXCEPTION WHEN DUP_VAL_ON_INDEX THEN
    UPDATE GLOBALSYSTEMPARAMETER SET VALUE='https://www.bsc-ideas.com',FORADMINISTRATION='1',EDITABLE='1',BINARY='0',FORFRONTEND='0' WHERE PARAMNAME='LOGOUT_URL_CS';
END;SELECT DISTINCT B.textID INTO n FROM GLOBALSYSTEMPARAMETER A, (SELECT textID FROM TEXTS) B WHERE A.textID=B.textID(+) and PARAMNAME='LOGOUT_URL_CS';
IF n IS NULL THEN
    n:=getnexttextid('');
    UPDATE GLOBALSYSTEMPARAMETER SET textID=n WHERE PARAMNAME='LOGOUT_URL_CS';
END IF;
    multi_lang_txt(n,'DEFAULT','cs',UTL_RAW.Cast_To_Varchar2(HexToRaw('55524C207075626C696320776562752073206C6F676F757420737472C3A16E6B6F75')));
    multi_lang_txt(n,'DEFAULT','sk',UTL_RAW.Cast_To_Varchar2(HexToRaw('55524C207075626C696320776562752073206C6F676F757420737472C3A16E6B6F75')));
    multi_lang_txt(n,'DEFAULT','en',UTL_RAW.Cast_To_Varchar2(HexToRaw('55524C2077697468207075626C696320776562206C6F676F75742070616765')));
END;
/
DECLARE n Number;
BEGIN
BEGIN
    INSERT INTO GLOBALSYSTEMPARAMETER (PARAMNAME,VALUE,FORADMINISTRATION,EDITABLE,BINARY,FORFRONTEND)
    VALUES ('LOGOUT_URL_EN','https://www.bsc-ideas.com','1','1','0','0');
EXCEPTION WHEN DUP_VAL_ON_INDEX THEN
    UPDATE GLOBALSYSTEMPARAMETER SET VALUE='https://www.bsc-ideas.com',FORADMINISTRATION='1',EDITABLE='1',BINARY='0',FORFRONTEND='0' WHERE PARAMNAME='LOGOUT_URL_EN';
END;SELECT DISTINCT B.textID INTO n FROM GLOBALSYSTEMPARAMETER A, (SELECT textID FROM TEXTS) B WHERE A.textID=B.textID(+) and PARAMNAME='LOGOUT_URL_EN';
IF n IS NULL THEN
    n:=getnexttextid('');
    UPDATE GLOBALSYSTEMPARAMETER SET textID=n WHERE PARAMNAME='LOGOUT_URL_EN';
END IF;
    multi_lang_txt(n,'DEFAULT','cs',UTL_RAW.Cast_To_Varchar2(HexToRaw('55524C207075626C696320776562752073206C6F676F757420737472C3A16E6B6F75')));
    multi_lang_txt(n,'DEFAULT','sk',UTL_RAW.Cast_To_Varchar2(HexToRaw('55524C207075626C696320776562752073206C6F676F757420737472C3A16E6B6F75')));
    multi_lang_txt(n,'DEFAULT','en',UTL_RAW.Cast_To_Varchar2(HexToRaw('55524C2077697468207075626C696320776562206C6F676F75742070616765')));
END;
/
DECLARE n Number;
BEGIN
BEGIN
    INSERT INTO GLOBALSYSTEMPARAMETER (PARAMNAME,VALUE,FORADMINISTRATION,EDITABLE,BINARY,FORFRONTEND)
    VALUES ('LocalBankCode','1234','1','0','0','0');
EXCEPTION WHEN DUP_VAL_ON_INDEX THEN
    UPDATE GLOBALSYSTEMPARAMETER SET VALUE='1234',FORADMINISTRATION='1',EDITABLE='0',BINARY='0',FORFRONTEND='0' WHERE PARAMNAME='LocalBankCode';
END;SELECT DISTINCT B.textID INTO n FROM GLOBALSYSTEMPARAMETER A, (SELECT textID FROM TEXTS) B WHERE A.textID=B.textID(+) and PARAMNAME='LocalBankCode';
IF n IS NULL THEN
    n:=getnexttextid('');
    UPDATE GLOBALSYSTEMPARAMETER SET textID=n WHERE PARAMNAME='LocalBankCode';
END IF;
    multi_lang_txt(n,'DEFAULT','cs',UTL_RAW.Cast_To_Varchar2(HexToRaw('4BC3B3642062616E6B792076206C6F6BC3A16C6EC3AD6D20636C656172696E6775')));
    multi_lang_txt(n,'DEFAULT','sk',UTL_RAW.Cast_To_Varchar2(HexToRaw('4BC3B3642062616E6B792076206C6F6BC3A16C6E6F6D20636C656172696E6775')));
    multi_lang_txt(n,'DEFAULT','en',UTL_RAW.Cast_To_Varchar2(HexToRaw('42616E6B20636F646520696E206C6F63616C20636C656172696E67')));
END;
/
DECLARE n Number;
BEGIN
BEGIN
    INSERT INTO GLOBALSYSTEMPARAMETER (PARAMNAME,VALUE,FORADMINISTRATION,EDITABLE,BINARY,FORFRONTEND)
    VALUES ('LocalBankName','BSC Bank, a.s.','1','0','0','0');
EXCEPTION WHEN DUP_VAL_ON_INDEX THEN
    UPDATE GLOBALSYSTEMPARAMETER SET VALUE='BSC Bank, a.s.',FORADMINISTRATION='1',EDITABLE='0',BINARY='0',FORFRONTEND='0' WHERE PARAMNAME='LocalBankName';
END;SELECT DISTINCT B.textID INTO n FROM GLOBALSYSTEMPARAMETER A, (SELECT textID FROM TEXTS) B WHERE A.textID=B.textID(+) and PARAMNAME='LocalBankName';
IF n IS NULL THEN
    n:=getnexttextid('');
    UPDATE GLOBALSYSTEMPARAMETER SET textID=n WHERE PARAMNAME='LocalBankName';
END IF;
    multi_lang_txt(n,'DEFAULT','cs',UTL_RAW.Cast_To_Varchar2(HexToRaw('4A6DC3A96E6F2062616E6B79')));
    multi_lang_txt(n,'DEFAULT','sk',UTL_RAW.Cast_To_Varchar2(HexToRaw('4D656E6F2062616E6B79')));
    multi_lang_txt(n,'DEFAULT','en',UTL_RAW.Cast_To_Varchar2(HexToRaw('42616E6B204E616D65')));
END;
/
DECLARE n Number;
BEGIN
BEGIN
    INSERT INTO GLOBALSYSTEMPARAMETER (PARAMNAME,VALUE,FORADMINISTRATION,EDITABLE,BINARY,FORFRONTEND)
    VALUES ('LocalBankSwiftCode','BSCBANKX','1','0','0','0');
EXCEPTION WHEN DUP_VAL_ON_INDEX THEN
    UPDATE GLOBALSYSTEMPARAMETER SET VALUE='BSCBANKX',FORADMINISTRATION='1',EDITABLE='0',BINARY='0',FORFRONTEND='0' WHERE PARAMNAME='LocalBankSwiftCode';
END;SELECT DISTINCT B.textID INTO n FROM GLOBALSYSTEMPARAMETER A, (SELECT textID FROM TEXTS) B WHERE A.textID=B.textID(+) and PARAMNAME='LocalBankSwiftCode';
IF n IS NULL THEN
    n:=getnexttextid('');
    UPDATE GLOBALSYSTEMPARAMETER SET textID=n WHERE PARAMNAME='LocalBankSwiftCode';
END IF;
    multi_lang_txt(n,'DEFAULT','cs',UTL_RAW.Cast_To_Varchar2(HexToRaw('5357494654206BC3B3642062616E6B79')));
    multi_lang_txt(n,'DEFAULT','sk',UTL_RAW.Cast_To_Varchar2(HexToRaw('5357494654206BC3B3642062616E6B79')));
    multi_lang_txt(n,'DEFAULT','en',UTL_RAW.Cast_To_Varchar2(HexToRaw('42616E6B20535749465420636F6465')));
END;
/
DECLARE n Number;
BEGIN
BEGIN
    INSERT INTO GLOBALSYSTEMPARAMETER (PARAMNAME,VALUE,FORADMINISTRATION,EDITABLE,BINARY,FORFRONTEND)
    VALUES ('LocalClearing','CZ','1','0','0','0');
EXCEPTION WHEN DUP_VAL_ON_INDEX THEN
    UPDATE GLOBALSYSTEMPARAMETER SET VALUE='CZ',FORADMINISTRATION='1',EDITABLE='0',BINARY='0',FORFRONTEND='0' WHERE PARAMNAME='LocalClearing';
END;SELECT DISTINCT B.textID INTO n FROM GLOBALSYSTEMPARAMETER A, (SELECT textID FROM TEXTS) B WHERE A.textID=B.textID(+) and PARAMNAME='LocalClearing';
IF n IS NULL THEN
    n:=getnexttextid('');
    UPDATE GLOBALSYSTEMPARAMETER SET textID=n WHERE PARAMNAME='LocalClearing';
END IF;
    multi_lang_txt(n,'DEFAULT','cs',UTL_RAW.Cast_To_Varchar2(HexToRaw('4BC3B364206C6F6BC3A16C6EC3AD686F20636C656172696E6775')));
    multi_lang_txt(n,'DEFAULT','sk',UTL_RAW.Cast_To_Varchar2(HexToRaw('4BC3B364206C6F6BC3A16C6E65686F20636C656172696E6775')));
    multi_lang_txt(n,'DEFAULT','en',UTL_RAW.Cast_To_Varchar2(HexToRaw('4C6F63616C20636C656172696E6720636F6465')));
END;
/
DECLARE n Number;
BEGIN
BEGIN
    INSERT INTO GLOBALSYSTEMPARAMETER (PARAMNAME,VALUE,FORADMINISTRATION,EDITABLE,BINARY,FORFRONTEND)
    VALUES ('LocalCurrency','CZK','1','0','0','1');
EXCEPTION WHEN DUP_VAL_ON_INDEX THEN
    UPDATE GLOBALSYSTEMPARAMETER SET VALUE='CZK',FORADMINISTRATION='1',EDITABLE='0',BINARY='0',FORFRONTEND='1' WHERE PARAMNAME='LocalCurrency';
END;SELECT DISTINCT B.textID INTO n FROM GLOBALSYSTEMPARAMETER A, (SELECT textID FROM TEXTS) B WHERE A.textID=B.textID(+) and PARAMNAME='LocalCurrency';
IF n IS NULL THEN
    n:=getnexttextid('');
    UPDATE GLOBALSYSTEMPARAMETER SET textID=n WHERE PARAMNAME='LocalCurrency';
END IF;
    multi_lang_txt(n,'DEFAULT','cs',UTL_RAW.Cast_To_Varchar2(HexToRaw('49534F206BC3B364206C6F6BC3A16C6EC3AD206DC49B6E79')));
    multi_lang_txt(n,'DEFAULT','sk',UTL_RAW.Cast_To_Varchar2(HexToRaw('49534F206BC3B364206C6F6BC3A16C6E656A206D656E79')));
    multi_lang_txt(n,'DEFAULT','en',UTL_RAW.Cast_To_Varchar2(HexToRaw('496E7465726E6174696F6E616C20636F6465206F66206C6F63616C2063757272656E6379')));
END;
/
DECLARE n Number;
BEGIN
BEGIN
    INSERT INTO GLOBALSYSTEMPARAMETER (PARAMNAME,VALUE,FORADMINISTRATION,EDITABLE,BINARY,FORFRONTEND)
    VALUES ('MCH_ADMIN_IDM_SYSTEM_ID','GAASOPER','1','0','0','1');
EXCEPTION WHEN DUP_VAL_ON_INDEX THEN
    UPDATE GLOBALSYSTEMPARAMETER SET VALUE='GAASOPER',FORADMINISTRATION='1',EDITABLE='0',BINARY='0',FORFRONTEND='1' WHERE PARAMNAME='MCH_ADMIN_IDM_SYSTEM_ID';
END;SELECT DISTINCT B.textID INTO n FROM GLOBALSYSTEMPARAMETER A, (SELECT textID FROM TEXTS) B WHERE A.textID=B.textID(+) and PARAMNAME='MCH_ADMIN_IDM_SYSTEM_ID';
IF n IS NULL THEN
    n:=getnexttextid('');
    UPDATE GLOBALSYSTEMPARAMETER SET textID=n WHERE PARAMNAME='MCH_ADMIN_IDM_SYSTEM_ID';
END IF;
    multi_lang_txt(n,'DEFAULT','cs',UTL_RAW.Cast_To_Varchar2(HexToRaw('53686F727420636F64652049444D2073797374C3A96D75206B746572C3BD206472C5BEC3AD204D4348206F706572C3A1746F7261')));
    multi_lang_txt(n,'DEFAULT','sk',UTL_RAW.Cast_To_Varchar2(HexToRaw('53686F727420636F64652049444D2073797374C3A96D75206B746F72C3BD206472C5BEC3AD204D4348206F706572C3A1746F7261')));
    multi_lang_txt(n,'DEFAULT','en',UTL_RAW.Cast_To_Varchar2(HexToRaw('53686F727420636F6465206F662049444D2073797374656D20686F6C64696E67204D4348206F70657261746F72')));
END;
/
DECLARE n Number;
BEGIN
BEGIN
    INSERT INTO GLOBALSYSTEMPARAMETER (PARAMNAME,VALUE,FORADMINISTRATION,EDITABLE,BINARY,FORFRONTEND)
    VALUES ('MCH_IDM_SYSTEM_ID','GAAS','1','0','0','1');
EXCEPTION WHEN DUP_VAL_ON_INDEX THEN
    UPDATE GLOBALSYSTEMPARAMETER SET VALUE='GAAS',FORADMINISTRATION='1',EDITABLE='0',BINARY='0',FORFRONTEND='1' WHERE PARAMNAME='MCH_IDM_SYSTEM_ID';
END;SELECT DISTINCT B.textID INTO n FROM GLOBALSYSTEMPARAMETER A, (SELECT textID FROM TEXTS) B WHERE A.textID=B.textID(+) and PARAMNAME='MCH_IDM_SYSTEM_ID';
IF n IS NULL THEN
    n:=getnexttextid('');
    UPDATE GLOBALSYSTEMPARAMETER SET textID=n WHERE PARAMNAME='MCH_IDM_SYSTEM_ID';
END IF;
    multi_lang_txt(n,'DEFAULT','cs',UTL_RAW.Cast_To_Varchar2(HexToRaw('53686F727420636F64652049444D2073797374C3A96D75206B746572C3A1206472C5BEC3AD204D43482075C5BE69766174656C65')));
    multi_lang_txt(n,'DEFAULT','sk',UTL_RAW.Cast_To_Varchar2(HexToRaw('53686F727420636F64652049444D2073797374C3A96D75206B746F72C3A1206472C5BEC3AD204D434820706F75C5BEC3AD76617465C4BE61')));
    multi_lang_txt(n,'DEFAULT','en',UTL_RAW.Cast_To_Varchar2(HexToRaw('53686F727420636F6465206F662049444D2073797374656D20686F6C64696E67204D43482075736572')));
END;
/
DECLARE n Number;
BEGIN
BEGIN
    INSERT INTO GLOBALSYSTEMPARAMETER (PARAMNAME,VALUE,FORADMINISTRATION,EDITABLE,BINARY,FORFRONTEND)
    VALUES ('MCH_PHONE_NUMBER_FORMAT','999999999','1','0','0','1');
EXCEPTION WHEN DUP_VAL_ON_INDEX THEN
    UPDATE GLOBALSYSTEMPARAMETER SET VALUE='999999999',FORADMINISTRATION='1',EDITABLE='0',BINARY='0',FORFRONTEND='1' WHERE PARAMNAME='MCH_PHONE_NUMBER_FORMAT';
END;SELECT DISTINCT B.textID INTO n FROM GLOBALSYSTEMPARAMETER A, (SELECT textID FROM TEXTS) B WHERE A.textID=B.textID(+) and PARAMNAME='MCH_PHONE_NUMBER_FORMAT';
IF n IS NULL THEN
    n:=getnexttextid('');
    UPDATE GLOBALSYSTEMPARAMETER SET textID=n WHERE PARAMNAME='MCH_PHONE_NUMBER_FORMAT';
END IF;
    multi_lang_txt(n,'DEFAULT','cs',UTL_RAW.Cast_To_Varchar2(HexToRaw('466F726DC3A1742074656C65666F6E6EC3AD686F20C48DC3AD736C612070726F206B6F6E74726F6C7920766520574143')));
    multi_lang_txt(n,'DEFAULT','sk',UTL_RAW.Cast_To_Varchar2(HexToRaw('466F726DC3A1742074656C6566C3B36E6E65686F20C48DC3AD736C6120707265206B6F6E74726F6C7920766F20574143')));
    multi_lang_txt(n,'DEFAULT','en',UTL_RAW.Cast_To_Varchar2(HexToRaw('466F726D6174206F662070686F6E65206E756D62657220636865636B656420696E20574143')));
END;
/
DECLARE n Number;
BEGIN
BEGIN
    INSERT INTO GLOBALSYSTEMPARAMETER (PARAMNAME,VALUE,FORADMINISTRATION,EDITABLE,BINARY,FORFRONTEND)
    VALUES ('MCH_USER_ROLE_NAME','MCH_CHANNEL_USER','1','0','0','1');
EXCEPTION WHEN DUP_VAL_ON_INDEX THEN
    UPDATE GLOBALSYSTEMPARAMETER SET VALUE='MCH_CHANNEL_USER',FORADMINISTRATION='1',EDITABLE='0',BINARY='0',FORFRONTEND='1' WHERE PARAMNAME='MCH_USER_ROLE_NAME';
END;SELECT DISTINCT B.textID INTO n FROM GLOBALSYSTEMPARAMETER A, (SELECT textID FROM TEXTS) B WHERE A.textID=B.textID(+) and PARAMNAME='MCH_USER_ROLE_NAME';
IF n IS NULL THEN
    n:=getnexttextid('');
    UPDATE GLOBALSYSTEMPARAMETER SET textID=n WHERE PARAMNAME='MCH_USER_ROLE_NAME';
END IF;
    multi_lang_txt(n,'DEFAULT','cs',UTL_RAW.Cast_To_Varchar2(HexToRaw('4964656E746966696B61636520726F6C652070726F204D43482075C5BE69766174656C652028746A2E206E696B6F6C6976206F706572C3A1746F726129')));
    multi_lang_txt(n,'DEFAULT','sk',UTL_RAW.Cast_To_Varchar2(HexToRaw('4964656E746966696BC3A163696120726F6C6520707265204D434820706F75C5BEC3AD76617465C4BE612028746A2E206E6965206F706572C3A1746F726129')));
    multi_lang_txt(n,'DEFAULT','en',UTL_RAW.Cast_To_Varchar2(HexToRaw('4E616D65206F662074686520726F6C6520666F72204D43482075736572732028692E652E2C206E6F7420666F72206F70657261746F727329')));
END;
/
DECLARE n Number;
BEGIN
BEGIN
    INSERT INTO GLOBALSYSTEMPARAMETER (PARAMNAME,VALUE,FORADMINISTRATION,EDITABLE,BINARY,FORFRONTEND)
    VALUES ('OFFLINE_REQUEST.CONFIRMED_STATUS','66','1','0','0','1');
EXCEPTION WHEN DUP_VAL_ON_INDEX THEN
    UPDATE GLOBALSYSTEMPARAMETER SET VALUE='66',FORADMINISTRATION='1',EDITABLE='0',BINARY='0',FORFRONTEND='1' WHERE PARAMNAME='OFFLINE_REQUEST.CONFIRMED_STATUS';
END;SELECT DISTINCT B.textID INTO n FROM GLOBALSYSTEMPARAMETER A, (SELECT textID FROM TEXTS) B WHERE A.textID=B.textID(+) and PARAMNAME='OFFLINE_REQUEST.CONFIRMED_STATUS';
IF n IS NULL THEN
    n:=getnexttextid('');
    UPDATE GLOBALSYSTEMPARAMETER SET textID=n WHERE PARAMNAME='OFFLINE_REQUEST.CONFIRMED_STATUS';
END IF;
    multi_lang_txt(n,'DEFAULT','cs',UTL_RAW.Cast_To_Varchar2(HexToRaw('5374617475732064C3A1766B79206F66666C696E6520C5BEC3A1646F737469202D20616B636570746F76C3A16E61')));
    multi_lang_txt(n,'DEFAULT','sk',UTL_RAW.Cast_To_Varchar2(HexToRaw('5374617475732064C3A1766B79206F66666C696E6520C5BE6961646F737469202D20616B636570746F76616EC3A1')));
    multi_lang_txt(n,'DEFAULT','en',UTL_RAW.Cast_To_Varchar2(HexToRaw('537461747573206F66207061636B616765206F66206F66666C696E652072657175657374202D20636F6E6669726D6564')));
END;
/
DECLARE n Number;
BEGIN
BEGIN
    INSERT INTO GLOBALSYSTEMPARAMETER (PARAMNAME,VALUE,FORADMINISTRATION,EDITABLE,BINARY,FORFRONTEND)
    VALUES ('OFFLINE_REQUEST.ENABLE_LOCKING_FINAL','1','1','0','0','1');
EXCEPTION WHEN DUP_VAL_ON_INDEX THEN
    UPDATE GLOBALSYSTEMPARAMETER SET VALUE='1',FORADMINISTRATION='1',EDITABLE='0',BINARY='0',FORFRONTEND='1' WHERE PARAMNAME='OFFLINE_REQUEST.ENABLE_LOCKING_FINAL';
END;SELECT DISTINCT B.textID INTO n FROM GLOBALSYSTEMPARAMETER A, (SELECT textID FROM TEXTS) B WHERE A.textID=B.textID(+) and PARAMNAME='OFFLINE_REQUEST.ENABLE_LOCKING_FINAL';
IF n IS NULL THEN
    n:=getnexttextid('');
    UPDATE GLOBALSYSTEMPARAMETER SET textID=n WHERE PARAMNAME='OFFLINE_REQUEST.ENABLE_LOCKING_FINAL';
END IF;
    multi_lang_txt(n,'DEFAULT','cs',UTL_RAW.Cast_To_Varchar2(HexToRaw('50C599C3AD7A6E616B206D6FC5BE6E6F737469207AC3A16D6B752064C3A1766B79206F66666C696E6520C5BEC3A1646F737469202D20302D4E452C20312D414E4F')));
    multi_lang_txt(n,'DEFAULT','sk',UTL_RAW.Cast_To_Varchar2(HexToRaw('5072C3AD7A6E616B206D6FC5BE6E6F737469207AC3A16D6B752064C3A1766B79206F66666C696E6520C5BE6961646F737469202D20302D4E452C20312D414E4F')));
    multi_lang_txt(n,'DEFAULT','en',UTL_RAW.Cast_To_Varchar2(HexToRaw('466C6167206966206C6F636B696E67206F66207061636B616765206F66206F66666C696E65207265717565737420697320656E61626C65643A20302D4E4F2C20312D594553')));
END;
/
DECLARE n Number;
BEGIN
BEGIN
    INSERT INTO GLOBALSYSTEMPARAMETER (PARAMNAME,VALUE,FORADMINISTRATION,EDITABLE,BINARY,FORFRONTEND)
    VALUES ('OFFLINE_REQUEST.FINAL_STATUS','60','1','0','0','1');
EXCEPTION WHEN DUP_VAL_ON_INDEX THEN
    UPDATE GLOBALSYSTEMPARAMETER SET VALUE='60',FORADMINISTRATION='1',EDITABLE='0',BINARY='0',FORFRONTEND='1' WHERE PARAMNAME='OFFLINE_REQUEST.FINAL_STATUS';
END;SELECT DISTINCT B.textID INTO n FROM GLOBALSYSTEMPARAMETER A, (SELECT textID FROM TEXTS) B WHERE A.textID=B.textID(+) and PARAMNAME='OFFLINE_REQUEST.FINAL_STATUS';
IF n IS NULL THEN
    n:=getnexttextid('');
    UPDATE GLOBALSYSTEMPARAMETER SET textID=n WHERE PARAMNAME='OFFLINE_REQUEST.FINAL_STATUS';
END IF;
    multi_lang_txt(n,'DEFAULT','cs',UTL_RAW.Cast_To_Varchar2(HexToRaw('46696EC3A16C6EC3AD207374617475732064C3A1766B79206F66666C696E6520C5BEC3A1646F737469')));
    multi_lang_txt(n,'DEFAULT','sk',UTL_RAW.Cast_To_Varchar2(HexToRaw('46696EC3A16C6E79207374617475732064C3A1766B79206F66666C696E6520C5BE6961646F737469')));
    multi_lang_txt(n,'DEFAULT','en',UTL_RAW.Cast_To_Varchar2(HexToRaw('46696E616C20737461747573206F66207061636B616765206F66206F66666C696E652072657175657374')));
END;
/
DECLARE n Number;
BEGIN
BEGIN
    INSERT INTO GLOBALSYSTEMPARAMETER (PARAMNAME,VALUE,FORADMINISTRATION,EDITABLE,BINARY,FORFRONTEND)
    VALUES ('OFFLINE_REQUEST.LOCKED_STATUS','33','1','0','0','1');
EXCEPTION WHEN DUP_VAL_ON_INDEX THEN
    UPDATE GLOBALSYSTEMPARAMETER SET VALUE='33',FORADMINISTRATION='1',EDITABLE='0',BINARY='0',FORFRONTEND='1' WHERE PARAMNAME='OFFLINE_REQUEST.LOCKED_STATUS';
END;SELECT DISTINCT B.textID INTO n FROM GLOBALSYSTEMPARAMETER A, (SELECT textID FROM TEXTS) B WHERE A.textID=B.textID(+) and PARAMNAME='OFFLINE_REQUEST.LOCKED_STATUS';
IF n IS NULL THEN
    n:=getnexttextid('');
    UPDATE GLOBALSYSTEMPARAMETER SET textID=n WHERE PARAMNAME='OFFLINE_REQUEST.LOCKED_STATUS';
END IF;
    multi_lang_txt(n,'DEFAULT','cs',UTL_RAW.Cast_To_Varchar2(HexToRaw('5374617475732064C3A1766B79206F66666C696E6520C5BEC3A1646F737469202D207A616DC48D656E61')));
    multi_lang_txt(n,'DEFAULT','sk',UTL_RAW.Cast_To_Varchar2(HexToRaw('5374617475732064C3A1766B79206F66666C696E6520C5BE6961646F737469202D207A616D6B6E7574C3A1')));
    multi_lang_txt(n,'DEFAULT','en',UTL_RAW.Cast_To_Varchar2(HexToRaw('537461747573206F66207061636B616765206F66206F66666C696E652072657175657374202D206C6F636B6564')));
END;
/
DECLARE n Number;
BEGIN
BEGIN
    INSERT INTO GLOBALSYSTEMPARAMETER (PARAMNAME,VALUE,FORADMINISTRATION,EDITABLE,BINARY,FORFRONTEND)
    VALUES ('OFFLINE_REQUEST.REJECTED_STATUS','67','1','0','0','1');
EXCEPTION WHEN DUP_VAL_ON_INDEX THEN
    UPDATE GLOBALSYSTEMPARAMETER SET VALUE='67',FORADMINISTRATION='1',EDITABLE='0',BINARY='0',FORFRONTEND='1' WHERE PARAMNAME='OFFLINE_REQUEST.REJECTED_STATUS';
END;SELECT DISTINCT B.textID INTO n FROM GLOBALSYSTEMPARAMETER A, (SELECT textID FROM TEXTS) B WHERE A.textID=B.textID(+) and PARAMNAME='OFFLINE_REQUEST.REJECTED_STATUS';
IF n IS NULL THEN
    n:=getnexttextid('');
    UPDATE GLOBALSYSTEMPARAMETER SET textID=n WHERE PARAMNAME='OFFLINE_REQUEST.REJECTED_STATUS';
END IF;
    multi_lang_txt(n,'DEFAULT','cs',UTL_RAW.Cast_To_Varchar2(HexToRaw('5374617475732064C3A1766B79206F66666C696E6520C5BEC3A1646F737469202D206F646DC3AD746E757461')));
    multi_lang_txt(n,'DEFAULT','sk',UTL_RAW.Cast_To_Varchar2(HexToRaw('5374617475732064C3A1766B79206F66666C696E6520C5BE6961646F737469202D206F646D6965746E7574C3A1')));
    multi_lang_txt(n,'DEFAULT','en',UTL_RAW.Cast_To_Varchar2(HexToRaw('537461747573206F66207061636B616765206F66206F66666C696E652072657175657374202D2072656A6563746564')));
END;
/
DECLARE n Number;
BEGIN
BEGIN
    INSERT INTO GLOBALSYSTEMPARAMETER (PARAMNAME,VALUE,FORADMINISTRATION,EDITABLE,BINARY,FORFRONTEND)
    VALUES ('OFFLINE_REQUEST.UNLOCKED_STATUS','40','1','0','0','1');
EXCEPTION WHEN DUP_VAL_ON_INDEX THEN
    UPDATE GLOBALSYSTEMPARAMETER SET VALUE='40',FORADMINISTRATION='1',EDITABLE='0',BINARY='0',FORFRONTEND='1' WHERE PARAMNAME='OFFLINE_REQUEST.UNLOCKED_STATUS';
END;SELECT DISTINCT B.textID INTO n FROM GLOBALSYSTEMPARAMETER A, (SELECT textID FROM TEXTS) B WHERE A.textID=B.textID(+) and PARAMNAME='OFFLINE_REQUEST.UNLOCKED_STATUS';
IF n IS NULL THEN
    n:=getnexttextid('');
    UPDATE GLOBALSYSTEMPARAMETER SET textID=n WHERE PARAMNAME='OFFLINE_REQUEST.UNLOCKED_STATUS';
END IF;
    multi_lang_txt(n,'DEFAULT','cs',UTL_RAW.Cast_To_Varchar2(HexToRaw('5374617475732064C3A1766B79206F66666C696E6520C5BEC3A1646F737469202D2070C5996564C3A16E6120646F2062616E6B2E73797374C3A96D75')));
    multi_lang_txt(n,'DEFAULT','sk',UTL_RAW.Cast_To_Varchar2(HexToRaw('5374617475732064C3A1766B79206F66666C696E6520C5BE6961646F737469202D206F646F767A64616EC3A120646F2062616E6B2E73797374C3A96D75')));
    multi_lang_txt(n,'DEFAULT','en',UTL_RAW.Cast_To_Varchar2(HexToRaw('537461747573206F66207061636B616765206F66206F66666C696E652072657175657374202D20756E6C6F636B6564')));
END;
/
DECLARE n Number;
BEGIN
BEGIN
    INSERT INTO GLOBALSYSTEMPARAMETER (PARAMNAME,VALUE,FORADMINISTRATION,EDITABLE,BINARY,FORFRONTEND)
    VALUES ('OPERATOR_CLIENT_CATEGORIES_FILTERING','0','1','0','0','1');
EXCEPTION WHEN DUP_VAL_ON_INDEX THEN
    UPDATE GLOBALSYSTEMPARAMETER SET VALUE='0',FORADMINISTRATION='1',EDITABLE='0',BINARY='0',FORFRONTEND='1' WHERE PARAMNAME='OPERATOR_CLIENT_CATEGORIES_FILTERING';
END;SELECT DISTINCT B.textID INTO n FROM GLOBALSYSTEMPARAMETER A, (SELECT textID FROM TEXTS) B WHERE A.textID=B.textID(+) and PARAMNAME='OPERATOR_CLIENT_CATEGORIES_FILTERING';
IF n IS NULL THEN
    n:=getnexttextid('');
    UPDATE GLOBALSYSTEMPARAMETER SET textID=n WHERE PARAMNAME='OPERATOR_CLIENT_CATEGORIES_FILTERING';
END IF;
    multi_lang_txt(n,'DEFAULT','cs',UTL_RAW.Cast_To_Varchar2(HexToRaw('496E64696BC3A1746F722C207A6461206A6520706F766F6C656E6F2066696C74726F76C3A16EC3AD206E61206B6C69656E74736BC3BD6368206B617465676F7269C3AD6368')));
    multi_lang_txt(n,'DEFAULT','sk',UTL_RAW.Cast_To_Varchar2(HexToRaw('496E64696BC3A1746F722C20C48D69206A6520706F766F6C656EC3A92066696C74726F76616E6965206E61206B6C69656E74736B796368206B61746567C3B37269C3A16368')));
    multi_lang_txt(n,'DEFAULT','en',UTL_RAW.Cast_To_Varchar2(HexToRaw('496E64696361746F7220776865746865722066696C746572696E67206F6E20636C69656E742063617465676F7269657320697320656E61626C65642028302D6E6F2C20312D79657329')));
END;
/
DECLARE n Number;
BEGIN
BEGIN
    INSERT INTO GLOBALSYSTEMPARAMETER (PARAMNAME,VALUE,FORADMINISTRATION,EDITABLE,BINARY,FORFRONTEND)
    VALUES ('OPERATOR_MESSAGE_CATEGORIES_FILTERING','1','1','0','0','1');
EXCEPTION WHEN DUP_VAL_ON_INDEX THEN
    UPDATE GLOBALSYSTEMPARAMETER SET VALUE='1',FORADMINISTRATION='1',EDITABLE='0',BINARY='0',FORFRONTEND='1' WHERE PARAMNAME='OPERATOR_MESSAGE_CATEGORIES_FILTERING';
END;SELECT DISTINCT B.textID INTO n FROM GLOBALSYSTEMPARAMETER A, (SELECT textID FROM TEXTS) B WHERE A.textID=B.textID(+) and PARAMNAME='OPERATOR_MESSAGE_CATEGORIES_FILTERING';
IF n IS NULL THEN
    n:=getnexttextid('');
    UPDATE GLOBALSYSTEMPARAMETER SET textID=n WHERE PARAMNAME='OPERATOR_MESSAGE_CATEGORIES_FILTERING';
END IF;
    multi_lang_txt(n,'DEFAULT','cs',UTL_RAW.Cast_To_Varchar2(HexToRaw('496E64696BC3A1746F722C207A6461206A6520706F766F6C656E6F2066696C74726F76C3A16EC3AD206E61206B617465676F7269C3AD6368207A7072C3A176')));
    multi_lang_txt(n,'DEFAULT','sk',UTL_RAW.Cast_To_Varchar2(HexToRaw('496E64696BC3A1746F722C20C48D69206A6520706F766F6C656EC3A92066696C74726F76616E6965206E61206B61746567C3B37269C3A1636820737072C3A176')));
    multi_lang_txt(n,'DEFAULT','en',UTL_RAW.Cast_To_Varchar2(HexToRaw('496E64696361746F7220776865746865722066696C746572696E67206F6E206D6573736167652063617465676F7269657320697320656E61626C65642028302D6E6F2C20312D79657329')));
END;
/
DECLARE n Number;
BEGIN
BEGIN
    INSERT INTO GLOBALSYSTEMPARAMETER (PARAMNAME,VALUE,FORADMINISTRATION,EDITABLE,BINARY,FORFRONTEND)
    VALUES ('SYSTEM_ADMINISTRATION_CHANNELID','11','1','0','0','0');
EXCEPTION WHEN DUP_VAL_ON_INDEX THEN
    UPDATE GLOBALSYSTEMPARAMETER SET VALUE='11',FORADMINISTRATION='1',EDITABLE='0',BINARY='0',FORFRONTEND='0' WHERE PARAMNAME='SYSTEM_ADMINISTRATION_CHANNELID';
END;SELECT DISTINCT B.textID INTO n FROM GLOBALSYSTEMPARAMETER A, (SELECT textID FROM TEXTS) B WHERE A.textID=B.textID(+) and PARAMNAME='SYSTEM_ADMINISTRATION_CHANNELID';
IF n IS NULL THEN
    n:=getnexttextid('');
    UPDATE GLOBALSYSTEMPARAMETER SET textID=n WHERE PARAMNAME='SYSTEM_ADMINISTRATION_CHANNELID';
END IF;
    multi_lang_txt(n,'DEFAULT','cs',UTL_RAW.Cast_To_Varchar2(HexToRaw('4964656E746966696BC3A1746F722073797374C3A96D6F76C3A9686F2061646D696E6973747261C48D6EC3AD686F206B616EC3A16C75')));
    multi_lang_txt(n,'DEFAULT','sk',UTL_RAW.Cast_To_Varchar2(HexToRaw('4964656E746966696BC3A1746F722073797374C3A96D6F76C3A9686F2061646D696E6973747261C48D6EC3A9686F206B616EC3A16C61')));
    multi_lang_txt(n,'DEFAULT','en',UTL_RAW.Cast_To_Varchar2(HexToRaw('53797374656D2061646D696E697374726174696F6E206368616E6E656C206964656E746966696572')));
END;
/
DECLARE n Number;
BEGIN
BEGIN
    INSERT INTO GLOBALSYSTEMPARAMETER (PARAMNAME,VALUE,FORADMINISTRATION,EDITABLE,BINARY,FORFRONTEND)
    VALUES ('SignRuleLimitEnabled','1','1','0','0','0');
EXCEPTION WHEN DUP_VAL_ON_INDEX THEN
    UPDATE GLOBALSYSTEMPARAMETER SET VALUE='1',FORADMINISTRATION='1',EDITABLE='0',BINARY='0',FORFRONTEND='0' WHERE PARAMNAME='SignRuleLimitEnabled';
END;SELECT DISTINCT B.textID INTO n FROM GLOBALSYSTEMPARAMETER A, (SELECT textID FROM TEXTS) B WHERE A.textID=B.textID(+) and PARAMNAME='SignRuleLimitEnabled';
IF n IS NULL THEN
    n:=getnexttextid('');
    UPDATE GLOBALSYSTEMPARAMETER SET textID=n WHERE PARAMNAME='SignRuleLimitEnabled';
END IF;
    multi_lang_txt(n,'DEFAULT','cs',UTL_RAW.Cast_To_Varchar2(HexToRaw('506F75C5BEC3AD76616AC3AD207365206F62646F626F76C3A9206C696D6974792070726F20706F647069736F76C3A1207072617669646C613F')));
    multi_lang_txt(n,'DEFAULT','sk',UTL_RAW.Cast_To_Varchar2(HexToRaw('506F75C5BEC3AD76616AC3BA207361206F62646F626F76C3A9206C696D6974792070726520706F647069736F76C3A1207072617669646CC3A13F')));
    multi_lang_txt(n,'DEFAULT','en',UTL_RAW.Cast_To_Varchar2(HexToRaw('41726520706572696F64206C696D697473207573656420666F72207369676E696E672072756C65733F')));
END;
/
DECLARE n Number;
BEGIN
BEGIN
    INSERT INTO GLOBALSYSTEMPARAMETER (PARAMNAME,VALUE,FORADMINISTRATION,EDITABLE,BINARY,FORFRONTEND)
    VALUES ('SignRuleLimitPeriod','101,201,301,303','1','0','0','0');
EXCEPTION WHEN DUP_VAL_ON_INDEX THEN
    UPDATE GLOBALSYSTEMPARAMETER SET VALUE='101,201,301,303',FORADMINISTRATION='1',EDITABLE='0',BINARY='0',FORFRONTEND='0' WHERE PARAMNAME='SignRuleLimitPeriod';
END;SELECT DISTINCT B.textID INTO n FROM GLOBALSYSTEMPARAMETER A, (SELECT textID FROM TEXTS) B WHERE A.textID=B.textID(+) and PARAMNAME='SignRuleLimitPeriod';
IF n IS NULL THEN
    n:=getnexttextid('');
    UPDATE GLOBALSYSTEMPARAMETER SET textID=n WHERE PARAMNAME='SignRuleLimitPeriod';
END IF;
    multi_lang_txt(n,'DEFAULT','cs',UTL_RAW.Cast_To_Varchar2(HexToRaw('56C3BDC48D657420706F64706F726F76616EC3BD636820706572696F642070726F206C696D69747920706F64706F736F76C3BD636820707261766964656C')));
    multi_lang_txt(n,'DEFAULT','sk',UTL_RAW.Cast_To_Varchar2(HexToRaw('5A6F7A6E616D20706F64706F726F76616EC3BD63682070657269C3B36420707265206C696D69747920706F64706F736F76C3BD63682070726176696469656C')));
    multi_lang_txt(n,'DEFAULT','en',UTL_RAW.Cast_To_Varchar2(HexToRaw('4C697374206F6620737570706F7274656420706572696F6420747970657320666F72207369676E696E672072756C6573')));
END;
/
DECLARE n Number;
BEGIN
BEGIN
    INSERT INTO GLOBALSYSTEMPARAMETER (PARAMNAME,VALUE,FORADMINISTRATION,EDITABLE,BINARY,FORFRONTEND)
    VALUES ('TECHNICAL_BANK_CLIENT_ID','1','1','0','0','0');
EXCEPTION WHEN DUP_VAL_ON_INDEX THEN
    UPDATE GLOBALSYSTEMPARAMETER SET VALUE='1',FORADMINISTRATION='1',EDITABLE='0',BINARY='0',FORFRONTEND='0' WHERE PARAMNAME='TECHNICAL_BANK_CLIENT_ID';
END;SELECT DISTINCT B.textID INTO n FROM GLOBALSYSTEMPARAMETER A, (SELECT textID FROM TEXTS) B WHERE A.textID=B.textID(+) and PARAMNAME='TECHNICAL_BANK_CLIENT_ID';
IF n IS NULL THEN
    n:=getnexttextid('');
    UPDATE GLOBALSYSTEMPARAMETER SET textID=n WHERE PARAMNAME='TECHNICAL_BANK_CLIENT_ID';
END IF;
    multi_lang_txt(n,'DEFAULT','cs',UTL_RAW.Cast_To_Varchar2(HexToRaw('4964656E746966696BC3A1746F7220746563686E69636BC3A9686F206B6C69656E74612072657072657A656E74756AC3AD63C3AD686F2062616E6B75')));
    multi_lang_txt(n,'DEFAULT','sk',UTL_RAW.Cast_To_Varchar2(HexToRaw('4964656E746966696BC3A1746F7220746563686E69636BC3A9686F206B6C69656E74612072657072657A656E74756AC3BA6365686F2062616E6B75')));
    multi_lang_txt(n,'DEFAULT','en',UTL_RAW.Cast_To_Varchar2(HexToRaw('436C69656E744944206964656E746966696572206F66206120746563686E6963616C20636C69656E7420666F722062616E6B')));
END;
/
DECLARE n Number;
BEGIN
BEGIN
    INSERT INTO GLOBALSYSTEMPARAMETER (PARAMNAME,VALUE,FORADMINISTRATION,EDITABLE,BINARY,FORFRONTEND)
    VALUES ('UDEBS.Version','UDEBSRS','1','0','0','0');
EXCEPTION WHEN DUP_VAL_ON_INDEX THEN
    UPDATE GLOBALSYSTEMPARAMETER SET VALUE='UDEBSRS',FORADMINISTRATION='1',EDITABLE='0',BINARY='0',FORFRONTEND='0' WHERE PARAMNAME='UDEBS.Version';
END;SELECT DISTINCT B.textID INTO n FROM GLOBALSYSTEMPARAMETER A, (SELECT textID FROM TEXTS) B WHERE A.textID=B.textID(+) and PARAMNAME='UDEBS.Version';
IF n IS NULL THEN
    n:=getnexttextid('');
    UPDATE GLOBALSYSTEMPARAMETER SET textID=n WHERE PARAMNAME='UDEBS.Version';
END IF;
    multi_lang_txt(n,'DEFAULT','cs',UTL_RAW.Cast_To_Varchar2(HexToRaw('547970206461746162C3A17A65')));
    multi_lang_txt(n,'DEFAULT','sk',UTL_RAW.Cast_To_Varchar2(HexToRaw('547970206461746162C3A17A79')));
    multi_lang_txt(n,'DEFAULT','en',UTL_RAW.Cast_To_Varchar2(HexToRaw('54797065206F66206461746162617365')));
END;
/
DECLARE n Number;
BEGIN
BEGIN
    INSERT INTO GLOBALSYSTEMPARAMETER (PARAMNAME,VALUE,FORADMINISTRATION,EDITABLE,BINARY,FORFRONTEND)
    VALUES ('USER_DEFAULT_ROLE_NAMES','MCH_CHANNEL_USER','1','1','0','0');
EXCEPTION WHEN DUP_VAL_ON_INDEX THEN
    UPDATE GLOBALSYSTEMPARAMETER SET VALUE='MCH_CHANNEL_USER',FORADMINISTRATION='1',EDITABLE='1',BINARY='0',FORFRONTEND='0' WHERE PARAMNAME='USER_DEFAULT_ROLE_NAMES';
END;SELECT DISTINCT B.textID INTO n FROM GLOBALSYSTEMPARAMETER A, (SELECT textID FROM TEXTS) B WHERE A.textID=B.textID(+) and PARAMNAME='USER_DEFAULT_ROLE_NAMES';
IF n IS NULL THEN
    n:=getnexttextid('');
    UPDATE GLOBALSYSTEMPARAMETER SET textID=n WHERE PARAMNAME='USER_DEFAULT_ROLE_NAMES';
END IF;
    multi_lang_txt(n,'DEFAULT','cs',UTL_RAW.Cast_To_Varchar2(HexToRaw('44656661756C746EC3AD206A6DC3A96E6120726F6CC3AD2070726F2075C5BE69766174656C652028746A2E206E696B6F6C6976206F706572C3A1746F72792920762047414153')));
    multi_lang_txt(n,'DEFAULT','sk',UTL_RAW.Cast_To_Varchar2(HexToRaw('44656661756C746EC3A9206D656EC3A120726F6CC3AD2070726520706F75C5BEC3AD76617465C4BE6F762028746A2E206E6965206F706572C3A1746F726F762920762047414153')));
    multi_lang_txt(n,'DEFAULT','en',UTL_RAW.Cast_To_Varchar2(HexToRaw('44656661756C74204741415320726F6C65206E616D657320666F7220757365722028652E672E206E6F74206F70657261746F727329')));
END;
/
DECLARE n Number;
BEGIN
BEGIN
    INSERT INTO GLOBALSYSTEMPARAMETER (PARAMNAME,VALUE,FORADMINISTRATION,EDITABLE,BINARY,FORFRONTEND)
    VALUES ('USE_CLIENT_CATEG_FOR_OPERATOR_AUTH_IN_ONBEHALF','1','1','0','0','1');
EXCEPTION WHEN DUP_VAL_ON_INDEX THEN
    UPDATE GLOBALSYSTEMPARAMETER SET VALUE='1',FORADMINISTRATION='1',EDITABLE='0',BINARY='0',FORFRONTEND='1' WHERE PARAMNAME='USE_CLIENT_CATEG_FOR_OPERATOR_AUTH_IN_ONBEHALF';
END;SELECT DISTINCT B.textID INTO n FROM GLOBALSYSTEMPARAMETER A, (SELECT textID FROM TEXTS) B WHERE A.textID=B.textID(+) and PARAMNAME='USE_CLIENT_CATEG_FOR_OPERATOR_AUTH_IN_ONBEHALF';
IF n IS NULL THEN
    n:=getnexttextid('');
    UPDATE GLOBALSYSTEMPARAMETER SET textID=n WHERE PARAMNAME='USE_CLIENT_CATEG_FOR_OPERATOR_AUTH_IN_ONBEHALF';
END IF;
    multi_lang_txt(n,'DEFAULT','cs',UTL_RAW.Cast_To_Varchar2(HexToRaw('496E64696BC3A1746F7220646566696E756AC3AD63C3AD207A64612073652076206F6E2D626568616C66207265C5BE696D7520706F75C5BEC3AD76C3A1206B6F6E74726F6C61206B6C69656E74736BC3BD6368206B617465676F7269C3AD')));
    multi_lang_txt(n,'DEFAULT','sk',UTL_RAW.Cast_To_Varchar2(HexToRaw('496E64696BC3A1746F7220646566696E756AC3BA636920C48D692073612076206F6E2D626568616C66207265C5BE696D6520706F75C5BEC3AD7661206B6F6E74726F6C61206B6C69656E74736BC3BD6368206B61746567C3B37269C3AD')));
    multi_lang_txt(n,'DEFAULT','en',UTL_RAW.Cast_To_Varchar2(HexToRaw('496E64696361746F7220776865746865722066696C746572696E67206F6E20636C69656E742063617465676F7269657320697320656E61626C656420696E204F6E2D426568616C66206368616E6E656C2028302D6E6F2C20312D79657329')));
END;
/
DECLARE n Number;
BEGIN
BEGIN
    INSERT INTO GLOBALSYSTEMPARAMETER (PARAMNAME,VALUE,FORADMINISTRATION,EDITABLE,BINARY,FORFRONTEND)
    VALUES ('WAC.GSP_SIGNRULE_AUTO_BLOCKING','0','1','0','0','0');
EXCEPTION WHEN DUP_VAL_ON_INDEX THEN
    UPDATE GLOBALSYSTEMPARAMETER SET VALUE='0',FORADMINISTRATION='1',EDITABLE='0',BINARY='0',FORFRONTEND='0' WHERE PARAMNAME='WAC.GSP_SIGNRULE_AUTO_BLOCKING';
END;SELECT DISTINCT B.textID INTO n FROM GLOBALSYSTEMPARAMETER A, (SELECT textID FROM TEXTS) B WHERE A.textID=B.textID(+) and PARAMNAME='WAC.GSP_SIGNRULE_AUTO_BLOCKING';
IF n IS NULL THEN
    n:=getnexttextid('');
    UPDATE GLOBALSYSTEMPARAMETER SET textID=n WHERE PARAMNAME='WAC.GSP_SIGNRULE_AUTO_BLOCKING';
END IF;
    multi_lang_txt(n,'DEFAULT','cs',UTL_RAW.Cast_To_Varchar2(HexToRaw('496E64696BC3A1746F7220646566696E756AC3AD63C3AD207A646120736520706F75C5BEC3AD76C3A1206175746F6D617469636BC3A920626C6F6B6F76C3A16EC3AD206E65706F75C5BE6974656C6EC3BD636820706F647069736F76C3BD636820707261766964656C')));
    multi_lang_txt(n,'DEFAULT','sk',UTL_RAW.Cast_To_Varchar2(HexToRaw('496E64696BC3A1746F7220646566696E756AC3BA636920C48D6920736120706F75C5BEC3AD7661206175746F6D617469636BC3A920626C6F6B6F76616E6965206E65706F75C5BE697465C4BE6EC3BD636820706F647069736F76C3BD63682070726176696469656C')));
    multi_lang_txt(n,'DEFAULT','en',UTL_RAW.Cast_To_Varchar2(HexToRaw('496E64696361746F722077686574686572206175746F6D6174696320626C6F636B696E67206973206170706C69656420746F205369676E696E672052756C65732028302D6E6F2C20312D79657329')));
END;
/
DECLARE n Number;
BEGIN
BEGIN
    INSERT INTO GLOBALSYSTEMPARAMETER (PARAMNAME,VALUE,FORADMINISTRATION,EDITABLE,BINARY,FORFRONTEND)
    VALUES ('WAC.GSP_SIGNRULE_DIRECT_CHANNELS_VALIDATION','0','1','0','0','0');
EXCEPTION WHEN DUP_VAL_ON_INDEX THEN
    UPDATE GLOBALSYSTEMPARAMETER SET VALUE='0',FORADMINISTRATION='1',EDITABLE='0',BINARY='0',FORFRONTEND='0' WHERE PARAMNAME='WAC.GSP_SIGNRULE_DIRECT_CHANNELS_VALIDATION';
END;SELECT DISTINCT B.textID INTO n FROM GLOBALSYSTEMPARAMETER A, (SELECT textID FROM TEXTS) B WHERE A.textID=B.textID(+) and PARAMNAME='WAC.GSP_SIGNRULE_DIRECT_CHANNELS_VALIDATION';
IF n IS NULL THEN
    n:=getnexttextid('');
    UPDATE GLOBALSYSTEMPARAMETER SET textID=n WHERE PARAMNAME='WAC.GSP_SIGNRULE_DIRECT_CHANNELS_VALIDATION';
END IF;
    multi_lang_txt(n,'DEFAULT','cs',UTL_RAW.Cast_To_Varchar2(HexToRaw('496E64696BC3A1746F7220646566696E756AC3AD63C3AD207A64612073652070C599692076616C696461636920706F647069736F76C3BD636820707261766964656C20706F75C5BEC3AD76616AC3AD2069206B616EC3A16C79')));
    multi_lang_txt(n,'DEFAULT','sk',UTL_RAW.Cast_To_Varchar2(HexToRaw('496E64696BC3A1746F7220646566696E756AC3BA636920C48D69207361207072692076616C6964C3A163696920706F647069736F76C3BD63682070726176696469656C20706F75C5BEC3AD76616AC3BA20616A206B616EC3A16C79')));
    multi_lang_txt(n,'DEFAULT','en',UTL_RAW.Cast_To_Varchar2(HexToRaw('496E64696361746F72207768657468657220646972656374206368616E6E656C2076616C69646174696F6E206973206170706C69656420647572696E67205369676E696E672052756C65732070726F63657373696E672028302D6E6F2C20312D79657329')));
END;
/
DECLARE n Number;
BEGIN
BEGIN
    INSERT INTO GLOBALSYSTEMPARAMETER (PARAMNAME,VALUE,FORADMINISTRATION,EDITABLE,BINARY,FORFRONTEND)
    VALUES ('WAC.IMPORT_ASSOCIATED_CLIENT_ACCOUNTS','0','1','0','0','0');
EXCEPTION WHEN DUP_VAL_ON_INDEX THEN
    UPDATE GLOBALSYSTEMPARAMETER SET VALUE='0',FORADMINISTRATION='1',EDITABLE='0',BINARY='0',FORFRONTEND='0' WHERE PARAMNAME='WAC.IMPORT_ASSOCIATED_CLIENT_ACCOUNTS';
END;SELECT DISTINCT B.textID INTO n FROM GLOBALSYSTEMPARAMETER A, (SELECT textID FROM TEXTS) B WHERE A.textID=B.textID(+) and PARAMNAME='WAC.IMPORT_ASSOCIATED_CLIENT_ACCOUNTS';
IF n IS NULL THEN
    n:=getnexttextid('');
    UPDATE GLOBALSYSTEMPARAMETER SET textID=n WHERE PARAMNAME='WAC.IMPORT_ASSOCIATED_CLIENT_ACCOUNTS';
END IF;
    multi_lang_txt(n,'DEFAULT','cs',UTL_RAW.Cast_To_Varchar2(HexToRaw('506172616D65747220646566696E756AC3AD63C3AD207A64612073652070C5996920696D706F72747520C3BAC48D74C5AF206D616AC3AD20696D706F72746F766174206920C3BAC48D74792070726F706F6A656EC3BD6368206B6C69656E74C5AF')));
    multi_lang_txt(n,'DEFAULT','sk',UTL_RAW.Cast_To_Varchar2(HexToRaw('506172616D6574657220646566696E756AC3BA636920C48D692073612070726920696D706F72746520C3BAC48D746F76206D616AC3BA20696D706F72746F7661C5A520616A20C3BAC48D747920707265706F6A656EC3BD6368206B6C69656E746F76')));
    multi_lang_txt(n,'DEFAULT','en',UTL_RAW.Cast_To_Varchar2(HexToRaw('506172616D6574657220666F7220646574656374696E6720696620616C736F206163636F756E7473206F66206173736F63696174656420636C69656E74732073686F756C6420626520696D706F727465642061732077656C6C')));
END;
/
DECLARE n Number;
BEGIN
BEGIN
    INSERT INTO GLOBALSYSTEMPARAMETER (PARAMNAME,VALUE,FORADMINISTRATION,EDITABLE,BINARY,FORFRONTEND)
    VALUES ('WAC.MAX_FE_RESULTS','1000','1','0','0','1');
EXCEPTION WHEN DUP_VAL_ON_INDEX THEN
    UPDATE GLOBALSYSTEMPARAMETER SET VALUE='1000',FORADMINISTRATION='1',EDITABLE='0',BINARY='0',FORFRONTEND='1' WHERE PARAMNAME='WAC.MAX_FE_RESULTS';
END;SELECT DISTINCT B.textID INTO n FROM GLOBALSYSTEMPARAMETER A, (SELECT textID FROM TEXTS) B WHERE A.textID=B.textID(+) and PARAMNAME='WAC.MAX_FE_RESULTS';
IF n IS NULL THEN
    n:=getnexttextid('');
    UPDATE GLOBALSYSTEMPARAMETER SET textID=n WHERE PARAMNAME='WAC.MAX_FE_RESULTS';
END IF;
    multi_lang_txt(n,'DEFAULT','cs',UTL_RAW.Cast_To_Varchar2(HexToRaw('4D6178696DC3A16C6EC3AD20706FC48D6574207AC3A17A6E616DC5AF2076726163656EC3BD2057414375')));
    multi_lang_txt(n,'DEFAULT','sk',UTL_RAW.Cast_To_Varchar2(HexToRaw('4D6178696DC3A16C6E7920706FC48D6574207AC3A17A6E616D6F762076726163616EC3BD63682057414375')));
    multi_lang_txt(n,'DEFAULT','en',UTL_RAW.Cast_To_Varchar2(HexToRaw('4D61782E206E756D626572206F66207265636F7264732072657475726E656420666F72204645207265717565737420666F7220574143')));
END;
/
DECLARE n Number;
BEGIN
BEGIN
    INSERT INTO GLOBALSYSTEMPARAMETER (PARAMNAME,VALUE,FORADMINISTRATION,EDITABLE,BINARY,FORFRONTEND)
    VALUES ('WAC.SIGNRULE_CHANNEL_SELECTION','1','1','0','0','1');
EXCEPTION WHEN DUP_VAL_ON_INDEX THEN
    UPDATE GLOBALSYSTEMPARAMETER SET VALUE='1',FORADMINISTRATION='1',EDITABLE='0',BINARY='0',FORFRONTEND='1' WHERE PARAMNAME='WAC.SIGNRULE_CHANNEL_SELECTION';
END;SELECT DISTINCT B.textID INTO n FROM GLOBALSYSTEMPARAMETER A, (SELECT textID FROM TEXTS) B WHERE A.textID=B.textID(+) and PARAMNAME='WAC.SIGNRULE_CHANNEL_SELECTION';
IF n IS NULL THEN
    n:=getnexttextid('');
    UPDATE GLOBALSYSTEMPARAMETER SET textID=n WHERE PARAMNAME='WAC.SIGNRULE_CHANNEL_SELECTION';
END IF;
    multi_lang_txt(n,'DEFAULT','cs',UTL_RAW.Cast_To_Varchar2(HexToRaw('506172616D65747220646566696E756AC3AD63C3AD2C207A6461206D6F686F752062C3BD74207620706F647069736F76C3BD6368207072617669646C65636820646566696E6F76C3A16E79206B616EC3A16C79')));
    multi_lang_txt(n,'DEFAULT','sk',UTL_RAW.Cast_To_Varchar2(HexToRaw('506172616D6574657220646566696E756AC3BA636920C48D69206DC3B4C5BE75206279C5A5207620706F647069736F76C3BD6368207072617669646CC3A1636820646566696E6F76616EC3A9206B616EC3A16C79')));
    multi_lang_txt(n,'DEFAULT','en',UTL_RAW.Cast_To_Varchar2(HexToRaw('506172616D6574657220696E6469636174696E672077686574686572206368616E6E656C732063616E2062652073656C656374656420666F72207369676E696E672072756C6573')));
END;
/
DECLARE n Number;
BEGIN
BEGIN
    INSERT INTO GLOBALSYSTEMPARAMETER (PARAMNAME,VALUE,FORADMINISTRATION,EDITABLE,BINARY,FORFRONTEND)
    VALUES ('WAC.SIGNRULE_MINIMAL_SIGNATURES','1','1','0','0','0');
EXCEPTION WHEN DUP_VAL_ON_INDEX THEN
    UPDATE GLOBALSYSTEMPARAMETER SET VALUE='1',FORADMINISTRATION='1',EDITABLE='0',BINARY='0',FORFRONTEND='0' WHERE PARAMNAME='WAC.SIGNRULE_MINIMAL_SIGNATURES';
END;SELECT DISTINCT B.textID INTO n FROM GLOBALSYSTEMPARAMETER A, (SELECT textID FROM TEXTS) B WHERE A.textID=B.textID(+) and PARAMNAME='WAC.SIGNRULE_MINIMAL_SIGNATURES';
IF n IS NULL THEN
    n:=getnexttextid('');
    UPDATE GLOBALSYSTEMPARAMETER SET textID=n WHERE PARAMNAME='WAC.SIGNRULE_MINIMAL_SIGNATURES';
END IF;
    multi_lang_txt(n,'DEFAULT','cs',UTL_RAW.Cast_To_Varchar2(HexToRaw('496E64696BC3A1746F7220646566696E756AC3AD63C3AD207A6461207365207620706F647069736F76C3BD6368207072617669646C65636820706F75C5BEC3AD76C3A1206D696E696DC3A16C6EC3AD20706FC48D657420706F64706973C5AF')));
    multi_lang_txt(n,'DEFAULT','sk',UTL_RAW.Cast_To_Varchar2(HexToRaw('496E64696BC3A1746F7220646566696E756AC3BA636920C48D69207361207620706F647069736F76C3BD6368207072617669646CC3A1636820706F75C5BEC3AD7661206D696E696DC3A16C6E7920706FC48D657420706F647069736F76')));
    multi_lang_txt(n,'DEFAULT','en',UTL_RAW.Cast_To_Varchar2(HexToRaw('496E64696361746F722077686574686572206D696E696D616C207369676E61747572656120617265206170706C69656420746F205369676E696E672052756C65732028302D6E6F2C20312D79657329')));
END;
/
DECLARE n Number;
BEGIN
BEGIN
    INSERT INTO GLOBALSYSTEMPARAMETER (PARAMNAME,VALUE,FORADMINISTRATION,EDITABLE,BINARY,FORFRONTEND)
    VALUES ('WAC_BINARY_SYSTEM_PARAM_MAX_FILESIZE','2097152','1','0','0','1');
EXCEPTION WHEN DUP_VAL_ON_INDEX THEN
    UPDATE GLOBALSYSTEMPARAMETER SET VALUE='2097152',FORADMINISTRATION='1',EDITABLE='0',BINARY='0',FORFRONTEND='1' WHERE PARAMNAME='WAC_BINARY_SYSTEM_PARAM_MAX_FILESIZE';
END;SELECT DISTINCT B.textID INTO n FROM GLOBALSYSTEMPARAMETER A, (SELECT textID FROM TEXTS) B WHERE A.textID=B.textID(+) and PARAMNAME='WAC_BINARY_SYSTEM_PARAM_MAX_FILESIZE';
IF n IS NULL THEN
    n:=getnexttextid('');
    UPDATE GLOBALSYSTEMPARAMETER SET textID=n WHERE PARAMNAME='WAC_BINARY_SYSTEM_PARAM_MAX_FILESIZE';
END IF;
    multi_lang_txt(n,'DEFAULT','cs',UTL_RAW.Cast_To_Varchar2(HexToRaw('4D6178696DC3A16C6EC3AD2076656C696B6F73742062696E61726EC3AD686F20736F75626F72752028762062616A7465636829')));
    multi_lang_txt(n,'DEFAULT','sk',UTL_RAW.Cast_To_Varchar2(HexToRaw('4D6178696DC3A16C6E61207665C4BE6B6F73C5A52062696EC3A1726E65686F2073C3BA626F72752028762062616A746F636829')));
    multi_lang_txt(n,'DEFAULT','en',UTL_RAW.Cast_To_Varchar2(HexToRaw('4D6178696D616C2073697A65206F66207468652062696E6172792066696C652028627974657329')));
END;
/
DECLARE n Number;
BEGIN
BEGIN
    INSERT INTO GLOBALSYSTEMPARAMETER (PARAMNAME,VALUE,FORADMINISTRATION,EDITABLE,BINARY,FORFRONTEND)
    VALUES ('WAC_JOURNAL_SESSION_START_ROOT_EVENTS','9999001','1','0','0','0');
EXCEPTION WHEN DUP_VAL_ON_INDEX THEN
    UPDATE GLOBALSYSTEMPARAMETER SET VALUE='9999001',FORADMINISTRATION='1',EDITABLE='0',BINARY='0',FORFRONTEND='0' WHERE PARAMNAME='WAC_JOURNAL_SESSION_START_ROOT_EVENTS';
END;SELECT DISTINCT B.textID INTO n FROM GLOBALSYSTEMPARAMETER A, (SELECT textID FROM TEXTS) B WHERE A.textID=B.textID(+) and PARAMNAME='WAC_JOURNAL_SESSION_START_ROOT_EVENTS';
IF n IS NULL THEN
    n:=getnexttextid('');
    UPDATE GLOBALSYSTEMPARAMETER SET textID=n WHERE PARAMNAME='WAC_JOURNAL_SESSION_START_ROOT_EVENTS';
END IF;
    multi_lang_txt(n,'DEFAULT','cs',UTL_RAW.Cast_To_Varchar2(HexToRaw('4964656E746966696BC3A1746F7279206B6FC599656E6F76C3BD636820C5BE75726EC3A16C6F766163C3AD6368207564C3A16C6F7374C3AD2072657072657A656E74756AC3AD63C3AD6368207A61C48DC3A174656B2075C5BE69766174656C736BC3A92073657373696F6E')));
    multi_lang_txt(n,'DEFAULT','sk',UTL_RAW.Cast_To_Varchar2(HexToRaw('4964656E746966696BC3A1746F7279206B6F7265C5886F76C3BD636820C5BE75726EC3A16C6F766163C3AD6368207564616C6F7374C3AD2072657072657A656E74756AC3BA63696368207A61C48D6961746F6B2075C5BEC3AD76617465C4BE736BC3A92073657373696F6E')));
    multi_lang_txt(n,'DEFAULT','en',UTL_RAW.Cast_To_Varchar2(HexToRaw('494473206F6620726F6F74206A6F75726E616C206576656E747320726570726573656E74696E67207374617274206F6620757365722073657373696F6E')));
END;
/
DECLARE n Number;
BEGIN
BEGIN
    INSERT INTO GLOBALSYSTEMPARAMETER (PARAMNAME,VALUE,FORADMINISTRATION,EDITABLE,BINARY,FORFRONTEND)
    VALUES ('MCH_FILTER_RIGHT_INIT_SUBSETS_BY_CLIENT_CATEGORIES','0','1','0','0','1');
EXCEPTION WHEN DUP_VAL_ON_INDEX THEN
    UPDATE GLOBALSYSTEMPARAMETER SET VALUE='0',FORADMINISTRATION='1',EDITABLE='0',BINARY='0',FORFRONTEND='1' WHERE PARAMNAME='MCH_FILTER_RIGHT_INIT_SUBSETS_BY_CLIENT_CATEGORIES';
END;SELECT DISTINCT B.textID INTO n FROM GLOBALSYSTEMPARAMETER A, (SELECT textID FROM TEXTS) B WHERE A.textID=B.textID(+) and PARAMNAME='MCH_FILTER_RIGHT_INIT_SUBSETS_BY_CLIENT_CATEGORIES';
IF n IS NULL THEN
    n:=getnexttextid('');
    UPDATE GLOBALSYSTEMPARAMETER SET textID=n WHERE PARAMNAME='MCH_FILTER_RIGHT_INIT_SUBSETS_BY_CLIENT_CATEGORIES';
END IF;
    multi_lang_txt(n,'DEFAULT','cs',UTL_RAW.Cast_To_Varchar2(HexToRaw('50C599C3AD7A6E616B2066696C74726F76C3A16EC3AD207072C3A17620762075C5BE69766174656C736BC3BD63682070726F66696C65636820706F6D6F63C3AD20696E696369C3A16C6EC3AD636820736164202D20302D4E452C20312D414E4F')));
    multi_lang_txt(n,'DEFAULT','sk',UTL_RAW.Cast_To_Varchar2(HexToRaw('5072C3AD7A6E616B2066696C74726F76616E6961207072C3A176207620706F75C5BEC3AD76617465C4BE736BC3BD63682070726F66696C6F636820706F6D6F636F7520696E696369C3A16C6E7963682073C3A164202D20302D4E49452C20312D414E4F')));
    multi_lang_txt(n,'DEFAULT','en','Flag if rights in user right profiles should be filtered using initialization sets: 0-NO, 1-YES');
END;
/
PROMPT /* ------------ CATALOG DEFINITION BRANCHES ------------ */
DECLARE n Number;
BEGIN
BEGIN
  INSERT INTO CATALOG(CODE,TIMEBASED,PRIMARYKEYATTRIBUTENAMES,ORDERBYATTRIBUTENAMES,COMMONTABLEUSED,EDITABILITYMODE,ENTITYVERSIONATTRIBUTENAME)
  VALUES ('BRANCHES',0,'BRANCHID','BranchId',0,'N','EntityTimestamp');
EXCEPTION WHEN DUP_VAL_ON_INDEX THEN
  UPDATE CATALOG SET TIMEBASED=0,PRIMARYKEYATTRIBUTENAMES='BRANCHID',ORDERBYATTRIBUTENAMES='BranchId',
    COMMONTABLEUSED=0,EDITABILITYMODE='N',ENTITYVERSIONATTRIBUTENAME='EntityTimestamp'
  WHERE CODE='BRANCHES';
END;
  SELECT DISTINCT B.textID INTO n FROM CATALOG A, (SELECT textID FROM TEXTS) B WHERE A.textID=B.textID(+) and CODE='BRANCHES';
  IF n IS NULL THEN
    n:=getnexttextid('');
    UPDATE CATALOG SET textID=n WHERE CODE='BRANCHES';
  end if;
  multi_lang_txt(n,'DEFAULT','en',UTL_RAW.Cast_To_Varchar2(HexToRaw('4272616E63686573')));
END;
/
PROMPT /* ------------ CATALOG CLEANUP DELETE ------------ */
DELETE FROM BRANCHES;

PROMPT /* ------------ CATALOG VALUES ------------ */
DECLARE n Number;
BEGIN
BEGIN
    INSERT INTO BRANCHES (BRANCHID,PARENTBRANCHID,BRANCHCODE)
    VALUES ('0',NULL,'0');
EXCEPTION WHEN DUP_VAL_ON_INDEX THEN
    UPDATE BRANCHES SET PARENTBRANCHID=NULL,BRANCHCODE='0' WHERE BRANCHID='0';
END;SELECT DISTINCT B.textID INTO n FROM BRANCHES A, (SELECT textID FROM TEXTS) B WHERE A.textID=B.textID(+) and BRANCHID='0';
IF n IS NULL THEN
    n:=getnexttextid('');
    UPDATE BRANCHES SET textID=n WHERE BRANCHID='0';
END IF;
    multi_lang_txt(n,'DEFAULT','cs',UTL_RAW.Cast_To_Varchar2(HexToRaw('4253432042616E6B2C20612E732E')));
    multi_lang_txt(n,'DEFAULT','sk',UTL_RAW.Cast_To_Varchar2(HexToRaw('4253432042616E6B2C20612E732E')));
    multi_lang_txt(n,'DEFAULT','en',UTL_RAW.Cast_To_Varchar2(HexToRaw('4253432042616E6B2C20612E732E')));
END;
/
PROMPT /* ------------ CATALOG DEFINITION CHANNELS ------------ */
DECLARE n Number;
BEGIN
BEGIN
  INSERT INTO CATALOG(CODE,TIMEBASED,PRIMARYKEYATTRIBUTENAMES,ORDERBYATTRIBUTENAMES,COMMONTABLEUSED,EDITABILITYMODE,ENTITYVERSIONATTRIBUTENAME)
  VALUES ('CHANNELS',0,'CHANNELID','ChannelId',0,'N','EntityTimestamp');
EXCEPTION WHEN DUP_VAL_ON_INDEX THEN
  UPDATE CATALOG SET TIMEBASED=0,PRIMARYKEYATTRIBUTENAMES='CHANNELID',ORDERBYATTRIBUTENAMES='ChannelId',
    COMMONTABLEUSED=0,EDITABILITYMODE='N',ENTITYVERSIONATTRIBUTENAME='EntityTimestamp'
  WHERE CODE='CHANNELS';
END;
  SELECT DISTINCT B.textID INTO n FROM CATALOG A, (SELECT textID FROM TEXTS) B WHERE A.textID=B.textID(+) and CODE='CHANNELS';
  IF n IS NULL THEN
    n:=getnexttextid('');
    UPDATE CATALOG SET textID=n WHERE CODE='CHANNELS';
  end if;
  multi_lang_txt(n,'DEFAULT','en',UTL_RAW.Cast_To_Varchar2(HexToRaw('4368616E6E656C73')));
END;
/
PROMPT /* ------------ CATALOG CLEANUP DELETE ------------ */
DELETE FROM CHANNELS;

PROMPT /* ------------ CATALOG VALUES ------------ */
DECLARE n Number;
BEGIN
BEGIN
    INSERT INTO CHANNELS (CHANNELID,STATUSID,CHANNELCODE,MODULCODE,ONLINECHANNEL,ENTRYPOINT,SIGNRULEGROUPID)
    VALUES ('7','1','GIB','IBS','1','1','1');
EXCEPTION WHEN DUP_VAL_ON_INDEX THEN
    UPDATE CHANNELS SET STATUSID='1',CHANNELCODE='GIB',MODULCODE='IBS',ONLINECHANNEL='1',ENTRYPOINT='1',SIGNRULEGROUPID='1' WHERE CHANNELID='7';
END;SELECT DISTINCT B.textID INTO n FROM CHANNELS A, (SELECT textID FROM TEXTS) B WHERE A.textID=B.textID(+) and CHANNELID='7';
IF n IS NULL THEN
    n:=getnexttextid('');
    UPDATE CHANNELS SET textID=n WHERE CHANNELID='7';
END IF;
    multi_lang_txt(n,'DEFAULT','cs',UTL_RAW.Cast_To_Varchar2(HexToRaw('496E7465726E65746F76C3A92062616E6B6F766E69637476C3AD')));
    multi_lang_txt(n,'DEFAULT','sk',UTL_RAW.Cast_To_Varchar2(HexToRaw('496E7465726E65746F76C3A92062616E6B6F766EC3AD6374766F')));
    multi_lang_txt(n,'DEFAULT','en',UTL_RAW.Cast_To_Varchar2(HexToRaw('496E7465726E65742062616E6B696E67')));
END;
/
DECLARE n Number;
BEGIN
BEGIN
    INSERT INTO CHANNELS (CHANNELID,STATUSID,CHANNELCODE,MODULCODE,ONLINECHANNEL,ENTRYPOINT,SIGNRULEGROUPID)
    VALUES ('11','1','WAC','SA','0','0','1');
EXCEPTION WHEN DUP_VAL_ON_INDEX THEN
    UPDATE CHANNELS SET STATUSID='1',CHANNELCODE='WAC',MODULCODE='SA',ONLINECHANNEL='0',ENTRYPOINT='0',SIGNRULEGROUPID='1' WHERE CHANNELID='11';
END;SELECT DISTINCT B.textID INTO n FROM CHANNELS A, (SELECT textID FROM TEXTS) B WHERE A.textID=B.textID(+) and CHANNELID='11';
IF n IS NULL THEN
    n:=getnexttextid('');
    UPDATE CHANNELS SET textID=n WHERE CHANNELID='11';
END IF;
    multi_lang_txt(n,'DEFAULT','cs',UTL_RAW.Cast_To_Varchar2(HexToRaw('5765626F76C3A12061646D696E6973747261C48D6EC3AD206B6F6E7A6F6C65')));
    multi_lang_txt(n,'DEFAULT','sk',UTL_RAW.Cast_To_Varchar2(HexToRaw('5765626F76C3A12061646D696E6973747261C48D6EC3A1206B6F6E7A6F6C61')));
    multi_lang_txt(n,'DEFAULT','en',UTL_RAW.Cast_To_Varchar2(HexToRaw('5765622061646D696E697374726174696F6E20636F6E736F6C65')));
END;
/
DECLARE n Number;
BEGIN
BEGIN
    INSERT INTO CHANNELS (CHANNELID,STATUSID,CHANNELCODE,MODULCODE,ONLINECHANNEL,ENTRYPOINT,SIGNRULEGROUPID)
    VALUES ('21','0','SPB','SPB','1','1','1');
EXCEPTION WHEN DUP_VAL_ON_INDEX THEN
    UPDATE CHANNELS SET STATUSID='0',CHANNELCODE='SPB',MODULCODE='SPB',ONLINECHANNEL='1',ENTRYPOINT='1',SIGNRULEGROUPID='1' WHERE CHANNELID='21';
END;SELECT DISTINCT B.textID INTO n FROM CHANNELS A, (SELECT textID FROM TEXTS) B WHERE A.textID=B.textID(+) and CHANNELID='21';
IF n IS NULL THEN
    n:=getnexttextid('');
    UPDATE CHANNELS SET textID=n WHERE CHANNELID='21';
END IF;
    multi_lang_txt(n,'DEFAULT','cs',UTL_RAW.Cast_To_Varchar2(HexToRaw('4D6F62696C6EC3AD2062616E6B6F766E69637476C3AD')));
    multi_lang_txt(n,'DEFAULT','sk',UTL_RAW.Cast_To_Varchar2(HexToRaw('4D6F62696C6EC3A92062616E6B6F766EC3AD6374766F')));
    multi_lang_txt(n,'DEFAULT','en',UTL_RAW.Cast_To_Varchar2(HexToRaw('4D6F62696C652062616E6B696E67')));
END;
/
DECLARE n Number;
BEGIN
BEGIN
    INSERT INTO CHANNELS (CHANNELID,STATUSID,CHANNELCODE,MODULCODE,ONLINECHANNEL,ENTRYPOINT,SIGNRULEGROUPID)
    VALUES ('41','1','ONBEHALF','ONBEHALF','1','1','1');
EXCEPTION WHEN DUP_VAL_ON_INDEX THEN
    UPDATE CHANNELS SET STATUSID='1',CHANNELCODE='ONBEHALF',MODULCODE='ONBEHALF',ONLINECHANNEL='1',ENTRYPOINT='1',SIGNRULEGROUPID='1' WHERE CHANNELID='41';
END;SELECT DISTINCT B.textID INTO n FROM CHANNELS A, (SELECT textID FROM TEXTS) B WHERE A.textID=B.textID(+) and CHANNELID='41';
IF n IS NULL THEN
    n:=getnexttextid('');
    UPDATE CHANNELS SET textID=n WHERE CHANNELID='41';
END IF;
    multi_lang_txt(n,'DEFAULT','cs',UTL_RAW.Cast_To_Varchar2(HexToRaw('4B6F6E74616B746EC3AD2063656E7472756D')));
    multi_lang_txt(n,'DEFAULT','sk',UTL_RAW.Cast_To_Varchar2(HexToRaw('4B6F6E74616B746EC3A92063656E7472756D')));
    multi_lang_txt(n,'DEFAULT','en',UTL_RAW.Cast_To_Varchar2(HexToRaw('436F6E746163742063656E746572')));
END;
/
DECLARE n Number;
BEGIN
BEGIN
    INSERT INTO CHANNELS (CHANNELID,STATUSID,CHANNELCODE,MODULCODE,ONLINECHANNEL,ENTRYPOINT,SIGNRULEGROUPID)
    VALUES ('43','0','C_PASSIVE','C_PASSIVE','1','0','1');
EXCEPTION WHEN DUP_VAL_ON_INDEX THEN
    UPDATE CHANNELS SET STATUSID='0',CHANNELCODE='C_PASSIVE',MODULCODE='C_PASSIVE',ONLINECHANNEL='1',ENTRYPOINT='0',SIGNRULEGROUPID='1' WHERE CHANNELID='43';
END;SELECT DISTINCT B.textID INTO n FROM CHANNELS A, (SELECT textID FROM TEXTS) B WHERE A.textID=B.textID(+) and CHANNELID='43';
IF n IS NULL THEN
    n:=getnexttextid('');
    UPDATE CHANNELS SET textID=n WHERE CHANNELID='43';
END IF;
    multi_lang_txt(n,'DEFAULT','cs',UTL_RAW.Cast_To_Varchar2(HexToRaw('50617369766EC3AD2070C599C3AD7374757020706F64206B6C69656E74656D')));
    multi_lang_txt(n,'DEFAULT','sk',UTL_RAW.Cast_To_Varchar2(HexToRaw('506173C3AD766E79207072C3AD7374757020706F64206B6C69656E746F6D')));
    multi_lang_txt(n,'DEFAULT','en',UTL_RAW.Cast_To_Varchar2(HexToRaw('5061737369766520636C69656E7420616363657373')));
END;
/
PROMPT /* ------------ CATALOG DEFINITION CURRENCIES ------------ */
DECLARE n Number;
BEGIN
BEGIN
  INSERT INTO CATALOG(CODE,TIMEBASED,PRIMARYKEYATTRIBUTENAMES,ORDERBYATTRIBUTENAMES,COMMONTABLEUSED,EDITABILITYMODE,ENTITYVERSIONATTRIBUTENAME)
  VALUES ('CURRENCIES',0,'CURRENCYID','CurrencyId',0,'N','EntityTimestamp');
EXCEPTION WHEN DUP_VAL_ON_INDEX THEN
  UPDATE CATALOG SET TIMEBASED=0,PRIMARYKEYATTRIBUTENAMES='CURRENCYID',ORDERBYATTRIBUTENAMES='CurrencyId',
    COMMONTABLEUSED=0,EDITABILITYMODE='N',ENTITYVERSIONATTRIBUTENAME='EntityTimestamp'
  WHERE CODE='CURRENCIES';
END;
  SELECT DISTINCT B.textID INTO n FROM CATALOG A, (SELECT textID FROM TEXTS) B WHERE A.textID=B.textID(+) and CODE='CURRENCIES';
  IF n IS NULL THEN
    n:=getnexttextid('');
    UPDATE CATALOG SET textID=n WHERE CODE='CURRENCIES';
  end if;
  multi_lang_txt(n,'DEFAULT','en',UTL_RAW.Cast_To_Varchar2(HexToRaw('43757272656E63696573')));
END;
/
PROMPT /* ------------ CATALOG CLEANUP DELETE ------------ */
DELETE FROM CURRENCIES;

PROMPT /* ------------ CATALOG VALUES ------------ */
DECLARE n Number;
BEGIN
BEGIN
    INSERT INTO CURRENCIES (CURRENCYID,STATUSID,OPTIONNUM,FORSIGNINGRULES)
    VALUES ('CZK','1','1','1');
EXCEPTION WHEN DUP_VAL_ON_INDEX THEN
    UPDATE CURRENCIES SET STATUSID='1',OPTIONNUM='1',FORSIGNINGRULES='1' WHERE CURRENCYID='CZK';
END;SELECT DISTINCT B.textID INTO n FROM CURRENCIES A, (SELECT textID FROM TEXTS) B WHERE A.textID=B.textID(+) and CURRENCYID='CZK';
IF n IS NULL THEN
    n:=getnexttextid('');
    UPDATE CURRENCIES SET textID=n WHERE CURRENCYID='CZK';
END IF;
    multi_lang_txt(n,'DEFAULT','cs',UTL_RAW.Cast_To_Varchar2(HexToRaw('C48C65736BC3A1206B6F72756E61')));
    multi_lang_txt(n,'DEFAULT','sk',UTL_RAW.Cast_To_Varchar2(HexToRaw('C48C65736BC3A1206B6F72756E61')));
    multi_lang_txt(n,'DEFAULT','en',UTL_RAW.Cast_To_Varchar2(HexToRaw('437A6563682043726F776E')));
END;
/
DECLARE n Number;
BEGIN
BEGIN
    INSERT INTO CURRENCIES (CURRENCYID,STATUSID,OPTIONNUM,FORSIGNINGRULES)
    VALUES ('EUR','1','2','1');
EXCEPTION WHEN DUP_VAL_ON_INDEX THEN
    UPDATE CURRENCIES SET STATUSID='1',OPTIONNUM='2',FORSIGNINGRULES='1' WHERE CURRENCYID='EUR';
END;SELECT DISTINCT B.textID INTO n FROM CURRENCIES A, (SELECT textID FROM TEXTS) B WHERE A.textID=B.textID(+) and CURRENCYID='EUR';
IF n IS NULL THEN
    n:=getnexttextid('');
    UPDATE CURRENCIES SET textID=n WHERE CURRENCYID='EUR';
END IF;
    multi_lang_txt(n,'DEFAULT','cs',UTL_RAW.Cast_To_Varchar2(HexToRaw('4575726F')));
    multi_lang_txt(n,'DEFAULT','sk',UTL_RAW.Cast_To_Varchar2(HexToRaw('4575726F')));
    multi_lang_txt(n,'DEFAULT','en',UTL_RAW.Cast_To_Varchar2(HexToRaw('4575726F')));
END;
/
DECLARE n Number;
BEGIN
BEGIN
    INSERT INTO CURRENCIES (CURRENCYID,STATUSID,OPTIONNUM,FORSIGNINGRULES)
    VALUES ('USD','1','3','1');
EXCEPTION WHEN DUP_VAL_ON_INDEX THEN
    UPDATE CURRENCIES SET STATUSID='1',OPTIONNUM='3',FORSIGNINGRULES='1' WHERE CURRENCYID='USD';
END;SELECT DISTINCT B.textID INTO n FROM CURRENCIES A, (SELECT textID FROM TEXTS) B WHERE A.textID=B.textID(+) and CURRENCYID='USD';
IF n IS NULL THEN
    n:=getnexttextid('');
    UPDATE CURRENCIES SET textID=n WHERE CURRENCYID='USD';
END IF;
    multi_lang_txt(n,'DEFAULT','cs',UTL_RAW.Cast_To_Varchar2(HexToRaw('416D657269636BC3BD20646F6C6172')));
    multi_lang_txt(n,'DEFAULT','sk',UTL_RAW.Cast_To_Varchar2(HexToRaw('416D657269636BC3BD20646F6CC3A172')));
    multi_lang_txt(n,'DEFAULT','en',UTL_RAW.Cast_To_Varchar2(HexToRaw('555320446F6C6C6172')));
END;
/
DECLARE n Number;
BEGIN
BEGIN
    INSERT INTO CURRENCIES (CURRENCYID,STATUSID,OPTIONNUM,FORSIGNINGRULES)
    VALUES ('GEL','1','4','1');
EXCEPTION WHEN DUP_VAL_ON_INDEX THEN
    UPDATE CURRENCIES SET STATUSID='1',OPTIONNUM='4',FORSIGNINGRULES='1' WHERE CURRENCYID='GEL';
END;SELECT DISTINCT B.textID INTO n FROM CURRENCIES A, (SELECT textID FROM TEXTS) B WHERE A.textID=B.textID(+) and CURRENCYID='GEL';
IF n IS NULL THEN
    n:=getnexttextid('');
    UPDATE CURRENCIES SET textID=n WHERE CURRENCYID='GEL';
END IF;
    multi_lang_txt(n,'DEFAULT','cs',UTL_RAW.Cast_To_Varchar2(HexToRaw('4772757AC3AD6E736BC3BD206C617269')));
    multi_lang_txt(n,'DEFAULT','sk',UTL_RAW.Cast_To_Varchar2(HexToRaw('4772757AC3AD6E736B79206C617269')));
    multi_lang_txt(n,'DEFAULT','en','Georgian lari');
END;
/
PROMPT /* ------------ CATALOG DEFINITION REFPERIODTYPES ------------ */
DECLARE n Number;
BEGIN
BEGIN
  INSERT INTO CATALOG(CODE,TIMEBASED,PRIMARYKEYATTRIBUTENAMES,ORDERBYATTRIBUTENAMES,COMMONTABLEUSED,EDITABILITYMODE,ENTITYVERSIONATTRIBUTENAME)
  VALUES ('REFPERIODTYPES',0,'PERIODID','PeriodId',0,'N',null);
EXCEPTION WHEN DUP_VAL_ON_INDEX THEN
  UPDATE CATALOG SET TIMEBASED=0,PRIMARYKEYATTRIBUTENAMES='PERIODID',ORDERBYATTRIBUTENAMES='PeriodId',
    COMMONTABLEUSED=0,EDITABILITYMODE='N',ENTITYVERSIONATTRIBUTENAME=null
  WHERE CODE='REFPERIODTYPES';
END;
  SELECT DISTINCT B.textID INTO n FROM CATALOG A, (SELECT textID FROM TEXTS) B WHERE A.textID=B.textID(+) and CODE='REFPERIODTYPES';
  IF n IS NULL THEN
    n:=getnexttextid('');
    UPDATE CATALOG SET textID=n WHERE CODE='REFPERIODTYPES';
  end if;
  multi_lang_txt(n,'DEFAULT','en',UTL_RAW.Cast_To_Varchar2(HexToRaw('506572696F64205479706573')));
END;
/
PROMPT /* ------------ CATALOG CLEANUP DELETE ------------ */
DELETE FROM REFPERIODTYPES;

PROMPT /* ------------ CATALOG VALUES ------------ */
DECLARE n Number;
BEGIN
BEGIN
    INSERT INTO REFPERIODTYPES (PERIODID,STATUSID)
    VALUES ('101','1');
EXCEPTION WHEN DUP_VAL_ON_INDEX THEN
    UPDATE REFPERIODTYPES SET STATUSID='1' WHERE PERIODID='101';
END;SELECT DISTINCT B.textID INTO n FROM REFPERIODTYPES A, (SELECT textID FROM TEXTS) B WHERE A.textID=B.textID(+) and PERIODID='101';
IF n IS NULL THEN
    n:=getnexttextid('');
    UPDATE REFPERIODTYPES SET textID=n WHERE PERIODID='101';
END IF;
    multi_lang_txt(n,'DEFAULT','cs',UTL_RAW.Cast_To_Varchar2(HexToRaw('44656E6EC3AD')));
    multi_lang_txt(n,'DEFAULT','sk',UTL_RAW.Cast_To_Varchar2(HexToRaw('44656E6EC3BD')));
    multi_lang_txt(n,'DEFAULT','en',UTL_RAW.Cast_To_Varchar2(HexToRaw('4461796C79')));
END;
/
DECLARE n Number;
BEGIN
BEGIN
    INSERT INTO REFPERIODTYPES (PERIODID,STATUSID)
    VALUES ('201','1');
EXCEPTION WHEN DUP_VAL_ON_INDEX THEN
    UPDATE REFPERIODTYPES SET STATUSID='1' WHERE PERIODID='201';
END;SELECT DISTINCT B.textID INTO n FROM REFPERIODTYPES A, (SELECT textID FROM TEXTS) B WHERE A.textID=B.textID(+) and PERIODID='201';
IF n IS NULL THEN
    n:=getnexttextid('');
    UPDATE REFPERIODTYPES SET textID=n WHERE PERIODID='201';
END IF;
    multi_lang_txt(n,'DEFAULT','cs',UTL_RAW.Cast_To_Varchar2(HexToRaw('54C3BD64656E6EC3AD')));
    multi_lang_txt(n,'DEFAULT','sk',UTL_RAW.Cast_To_Varchar2(HexToRaw('54C3BDC5BE64656E6EC3BD')));
    multi_lang_txt(n,'DEFAULT','en',UTL_RAW.Cast_To_Varchar2(HexToRaw('5765656B6C79')));
END;
/
DECLARE n Number;
BEGIN
BEGIN
    INSERT INTO REFPERIODTYPES (PERIODID,STATUSID)
    VALUES ('303','1');
EXCEPTION WHEN DUP_VAL_ON_INDEX THEN
    UPDATE REFPERIODTYPES SET STATUSID='1' WHERE PERIODID='303';
END;SELECT DISTINCT B.textID INTO n FROM REFPERIODTYPES A, (SELECT textID FROM TEXTS) B WHERE A.textID=B.textID(+) and PERIODID='303';
IF n IS NULL THEN
    n:=getnexttextid('');
    UPDATE REFPERIODTYPES SET textID=n WHERE PERIODID='303';
END IF;
    multi_lang_txt(n,'DEFAULT','cs',UTL_RAW.Cast_To_Varchar2(HexToRaw('4DC49B73C3ADC48D6EC3AD')));
    multi_lang_txt(n,'DEFAULT','sk',UTL_RAW.Cast_To_Varchar2(HexToRaw('4D657361C48D6EC3BD')));
    multi_lang_txt(n,'DEFAULT','en',UTL_RAW.Cast_To_Varchar2(HexToRaw('4D6F6E74686C79')));
END;
/
DECLARE n Number;
BEGIN
BEGIN
    INSERT INTO REFPERIODTYPES (PERIODID,STATUSID)
    VALUES ('303','1');
EXCEPTION WHEN DUP_VAL_ON_INDEX THEN
    UPDATE REFPERIODTYPES SET STATUSID='1' WHERE PERIODID='303';
END;SELECT DISTINCT B.textID INTO n FROM REFPERIODTYPES A, (SELECT textID FROM TEXTS) B WHERE A.textID=B.textID(+) and PERIODID='303';
IF n IS NULL THEN
    n:=getnexttextid('');
    UPDATE REFPERIODTYPES SET textID=n WHERE PERIODID='303';
END IF;
    multi_lang_txt(n,'DEFAULT','cs',UTL_RAW.Cast_To_Varchar2(HexToRaw('C48C747672746C65746EC3AD')));
    multi_lang_txt(n,'DEFAULT','sk',UTL_RAW.Cast_To_Varchar2(HexToRaw('C5A0747672C5A5726FC48D6EC3BD')));
    multi_lang_txt(n,'DEFAULT','en',UTL_RAW.Cast_To_Varchar2(HexToRaw('517561727465726C79')));
END;
/
PROMPT /* ------------ CATALOG DEFINITION OPERATIONACCESSTYPES ------------ */
DECLARE n Number;
BEGIN
BEGIN
  INSERT INTO CATALOG(CODE,TIMEBASED,PRIMARYKEYATTRIBUTENAMES,ORDERBYATTRIBUTENAMES,COMMONTABLEUSED,EDITABILITYMODE,ENTITYVERSIONATTRIBUTENAME)
  VALUES ('OPERATIONACCESSTYPES',0,'ACCESSTYPEID','AccessTypeId',0,'N',null);
EXCEPTION WHEN DUP_VAL_ON_INDEX THEN
  UPDATE CATALOG SET TIMEBASED=0,PRIMARYKEYATTRIBUTENAMES='ACCESSTYPEID',ORDERBYATTRIBUTENAMES='AccessTypeId',
    COMMONTABLEUSED=0,EDITABILITYMODE='N',ENTITYVERSIONATTRIBUTENAME=null
  WHERE CODE='OPERATIONACCESSTYPES';
END;
  SELECT DISTINCT B.textID INTO n FROM CATALOG A, (SELECT textID FROM TEXTS) B WHERE A.textID=B.textID(+) and CODE='OPERATIONACCESSTYPES';
  IF n IS NULL THEN
    n:=getnexttextid('');
    UPDATE CATALOG SET textID=n WHERE CODE='OPERATIONACCESSTYPES';
  end if;
  multi_lang_txt(n,'DEFAULT','en',UTL_RAW.Cast_To_Varchar2(HexToRaw('416363657373205479706573')));
END;
/
PROMPT /* ------------ CATALOG CLEANUP DELETE ------------ */
DELETE FROM OPERATIONACCESSTYPES;

PROMPT /* ------------ CATALOG VALUES ------------ */
DECLARE n Number;
BEGIN
BEGIN
    INSERT INTO OPERATIONACCESSTYPES (ACCESSTYPEID)
    VALUES ('1');
EXCEPTION WHEN DUP_VAL_ON_INDEX THEN
    null;
END;SELECT DISTINCT B.textID INTO n FROM OPERATIONACCESSTYPES A, (SELECT textID FROM TEXTS) B WHERE A.textID=B.textID(+) and ACCESSTYPEID='1';
IF n IS NULL THEN
    n:=getnexttextid('');
    UPDATE OPERATIONACCESSTYPES SET textID=n WHERE ACCESSTYPEID='1';
END IF;
    multi_lang_txt(n,'DEFAULT','cs',UTL_RAW.Cast_To_Varchar2(HexToRaw('5A6F6272617A656EC3AD')));
    multi_lang_txt(n,'DEFAULT','sk',UTL_RAW.Cast_To_Varchar2(HexToRaw('5072657A6572616E6965')));
    multi_lang_txt(n,'DEFAULT','en',UTL_RAW.Cast_To_Varchar2(HexToRaw('56696577')));
END;
/
DECLARE n Number;
BEGIN
BEGIN
    INSERT INTO OPERATIONACCESSTYPES (ACCESSTYPEID)
    VALUES ('2');
EXCEPTION WHEN DUP_VAL_ON_INDEX THEN
    null;
END;SELECT DISTINCT B.textID INTO n FROM OPERATIONACCESSTYPES A, (SELECT textID FROM TEXTS) B WHERE A.textID=B.textID(+) and ACCESSTYPEID='2';
IF n IS NULL THEN
    n:=getnexttextid('');
    UPDATE OPERATIONACCESSTYPES SET textID=n WHERE ACCESSTYPEID='2';
END IF;
    multi_lang_txt(n,'DEFAULT','cs',UTL_RAW.Cast_To_Varchar2(HexToRaw('45646974616365')));
    multi_lang_txt(n,'DEFAULT','sk',UTL_RAW.Cast_To_Varchar2(HexToRaw('45646974C3A1636961')));
    multi_lang_txt(n,'DEFAULT','en',UTL_RAW.Cast_To_Varchar2(HexToRaw('45646974')));
END;
/
DECLARE n Number;
BEGIN
BEGIN
    INSERT INTO OPERATIONACCESSTYPES (ACCESSTYPEID)
    VALUES ('4');
EXCEPTION WHEN DUP_VAL_ON_INDEX THEN
    null;
END;SELECT DISTINCT B.textID INTO n FROM OPERATIONACCESSTYPES A, (SELECT textID FROM TEXTS) B WHERE A.textID=B.textID(+) and ACCESSTYPEID='4';
IF n IS NULL THEN
    n:=getnexttextid('');
    UPDATE OPERATIONACCESSTYPES SET textID=n WHERE ACCESSTYPEID='4';
END IF;
    multi_lang_txt(n,'DEFAULT','cs',UTL_RAW.Cast_To_Varchar2(HexToRaw('567974766FC599656EC3AD')));
    multi_lang_txt(n,'DEFAULT','sk',UTL_RAW.Cast_To_Varchar2(HexToRaw('567974766F72656E6965')));
    multi_lang_txt(n,'DEFAULT','en',UTL_RAW.Cast_To_Varchar2(HexToRaw('437265617465')));
END;
/
DECLARE n Number;
BEGIN
BEGIN
    INSERT INTO OPERATIONACCESSTYPES (ACCESSTYPEID)
    VALUES ('8');
EXCEPTION WHEN DUP_VAL_ON_INDEX THEN
    null;
END;SELECT DISTINCT B.textID INTO n FROM OPERATIONACCESSTYPES A, (SELECT textID FROM TEXTS) B WHERE A.textID=B.textID(+) and ACCESSTYPEID='8';
IF n IS NULL THEN
    n:=getnexttextid('');
    UPDATE OPERATIONACCESSTYPES SET textID=n WHERE ACCESSTYPEID='8';
END IF;
    multi_lang_txt(n,'DEFAULT','cs',UTL_RAW.Cast_To_Varchar2(HexToRaw('536D617AC3A16EC3AD')));
    multi_lang_txt(n,'DEFAULT','sk',UTL_RAW.Cast_To_Varchar2(HexToRaw('5A6D617A616E6965')));
    multi_lang_txt(n,'DEFAULT','en',UTL_RAW.Cast_To_Varchar2(HexToRaw('44656C657465')));
END;
/
DECLARE n Number;
BEGIN
BEGIN
    INSERT INTO OPERATIONACCESSTYPES (ACCESSTYPEID)
    VALUES ('64');
EXCEPTION WHEN DUP_VAL_ON_INDEX THEN
    null;
END;SELECT DISTINCT B.textID INTO n FROM OPERATIONACCESSTYPES A, (SELECT textID FROM TEXTS) B WHERE A.textID=B.textID(+) and ACCESSTYPEID='64';
IF n IS NULL THEN
    n:=getnexttextid('');
    UPDATE OPERATIONACCESSTYPES SET textID=n WHERE ACCESSTYPEID='64';
END IF;
    multi_lang_txt(n,'DEFAULT','cs',UTL_RAW.Cast_To_Varchar2(HexToRaw('4F64766F6CC3A16EC3AD')));
    multi_lang_txt(n,'DEFAULT','sk',UTL_RAW.Cast_To_Varchar2(HexToRaw('4F64766F6C616E6965')));
    multi_lang_txt(n,'DEFAULT','en',UTL_RAW.Cast_To_Varchar2(HexToRaw('5265766F6B65')));
END;
/
DECLARE n Number;
BEGIN
BEGIN
    INSERT INTO OPERATIONACCESSTYPES (ACCESSTYPEID)
    VALUES ('256');
EXCEPTION WHEN DUP_VAL_ON_INDEX THEN
    null;
END;SELECT DISTINCT B.textID INTO n FROM OPERATIONACCESSTYPES A, (SELECT textID FROM TEXTS) B WHERE A.textID=B.textID(+) and ACCESSTYPEID='256';
IF n IS NULL THEN
    n:=getnexttextid('');
    UPDATE OPERATIONACCESSTYPES SET textID=n WHERE ACCESSTYPEID='256';
END IF;
    multi_lang_txt(n,'DEFAULT','cs',UTL_RAW.Cast_To_Varchar2(HexToRaw('506F7476727A656EC3AD')));
    multi_lang_txt(n,'DEFAULT','sk',UTL_RAW.Cast_To_Varchar2(HexToRaw('53636876C3A16C656E6965')));
    multi_lang_txt(n,'DEFAULT','en',UTL_RAW.Cast_To_Varchar2(HexToRaw('417070726F7665')));
END;
/
DECLARE n Number;
BEGIN
BEGIN
    INSERT INTO OPERATIONACCESSTYPES (ACCESSTYPEID)
    VALUES ('512');
EXCEPTION WHEN DUP_VAL_ON_INDEX THEN
    null;
END;SELECT DISTINCT B.textID INTO n FROM OPERATIONACCESSTYPES A, (SELECT textID FROM TEXTS) B WHERE A.textID=B.textID(+) and ACCESSTYPEID='512';
IF n IS NULL THEN
    n:=getnexttextid('');
    UPDATE OPERATIONACCESSTYPES SET textID=n WHERE ACCESSTYPEID='512';
END IF;
    multi_lang_txt(n,'DEFAULT','cs',UTL_RAW.Cast_To_Varchar2(HexToRaw('496D706F72746F76C3A16EC3AD')));
    multi_lang_txt(n,'DEFAULT','sk',UTL_RAW.Cast_To_Varchar2(HexToRaw('496D706F72746F76616E6965')));
    multi_lang_txt(n,'DEFAULT','en',UTL_RAW.Cast_To_Varchar2(HexToRaw('496D706F7274')));
END;
/
DECLARE n Number;
BEGIN
BEGIN
    INSERT INTO OPERATIONACCESSTYPES (ACCESSTYPEID)
    VALUES ('65536');
EXCEPTION WHEN DUP_VAL_ON_INDEX THEN
    null;
END;SELECT DISTINCT B.textID INTO n FROM OPERATIONACCESSTYPES A, (SELECT textID FROM TEXTS) B WHERE A.textID=B.textID(+) and ACCESSTYPEID='65536';
IF n IS NULL THEN
    n:=getnexttextid('');
    UPDATE OPERATIONACCESSTYPES SET textID=n WHERE ACCESSTYPEID='65536';
END IF;
    multi_lang_txt(n,'DEFAULT','cs',UTL_RAW.Cast_To_Varchar2(HexToRaw('55C5BE69766174656C6F7679206F626A656B7479')));
    multi_lang_txt(n,'DEFAULT','sk',UTL_RAW.Cast_To_Varchar2(HexToRaw('55C5BEC3AD76617465C4BE6F7665206F626A656B7479')));
    multi_lang_txt(n,'DEFAULT','en',UTL_RAW.Cast_To_Varchar2(HexToRaw('557365722773206F626A65637473')));
END;
/
DECLARE n Number;
BEGIN
BEGIN
    INSERT INTO OPERATIONACCESSTYPES (ACCESSTYPEID)
    VALUES ('131072');
EXCEPTION WHEN DUP_VAL_ON_INDEX THEN
    null;
END;SELECT DISTINCT B.textID INTO n FROM OPERATIONACCESSTYPES A, (SELECT textID FROM TEXTS) B WHERE A.textID=B.textID(+) and ACCESSTYPEID='131072';
IF n IS NULL THEN
    n:=getnexttextid('');
    UPDATE OPERATIONACCESSTYPES SET textID=n WHERE ACCESSTYPEID='131072';
END IF;
    multi_lang_txt(n,'DEFAULT','cs',UTL_RAW.Cast_To_Varchar2(HexToRaw('43697AC3AD206F626A656B7479')));
    multi_lang_txt(n,'DEFAULT','sk',UTL_RAW.Cast_To_Varchar2(HexToRaw('4375647A6965206F626A656B7479')));
    multi_lang_txt(n,'DEFAULT','en',UTL_RAW.Cast_To_Varchar2(HexToRaw('466F726569676E206F626A65637473')));
END;
/
PROMPT /* ------------ CATALOG DEFINITION OPERATIONGROUPS ------------ */
DECLARE n Number;
BEGIN
BEGIN
  INSERT INTO CATALOG(CODE,TIMEBASED,PRIMARYKEYATTRIBUTENAMES,ORDERBYATTRIBUTENAMES,COMMONTABLEUSED,EDITABILITYMODE,ENTITYVERSIONATTRIBUTENAME)
  VALUES ('OPERATIONGROUPS',0,'GROUPID','GroupId',0,'N',null);
EXCEPTION WHEN DUP_VAL_ON_INDEX THEN
  UPDATE CATALOG SET TIMEBASED=0,PRIMARYKEYATTRIBUTENAMES='GROUPID',ORDERBYATTRIBUTENAMES='GroupId',
    COMMONTABLEUSED=0,EDITABILITYMODE='N',ENTITYVERSIONATTRIBUTENAME=null
  WHERE CODE='OPERATIONGROUPS';
END;
  SELECT DISTINCT B.textID INTO n FROM CATALOG A, (SELECT textID FROM TEXTS) B WHERE A.textID=B.textID(+) and CODE='OPERATIONGROUPS';
  IF n IS NULL THEN
    n:=getnexttextid('');
    UPDATE CATALOG SET textID=n WHERE CODE='OPERATIONGROUPS';
  end if;
  multi_lang_txt(n,'DEFAULT','en',UTL_RAW.Cast_To_Varchar2(HexToRaw('4F7065726174696F6E2047726F757073')));
END;
/
PROMPT /* ------------ CATALOG CLEANUP DELETE ------------ */
DELETE FROM OPERATIONGROUPS;

PROMPT /* ------------ CATALOG VALUES ------------ */
DECLARE n Number;
BEGIN
BEGIN
    INSERT INTO OPERATIONGROUPS (GROUPID,STATUSID,LISTORDER)
    VALUES ('120','1','1');
EXCEPTION WHEN DUP_VAL_ON_INDEX THEN
    UPDATE OPERATIONGROUPS SET STATUSID='1',LISTORDER='1' WHERE GROUPID='120';
END;SELECT DISTINCT B.textID INTO n FROM OPERATIONGROUPS A, (SELECT textID FROM TEXTS) B WHERE A.textID=B.textID(+) and GROUPID='120';
IF n IS NULL THEN
    n:=getnexttextid('');
    UPDATE OPERATIONGROUPS SET textID=n WHERE GROUPID='120';
END IF;
    multi_lang_txt(n,'DEFAULT','cs',UTL_RAW.Cast_To_Varchar2(HexToRaw('41646D696E69737472616365206B6C69656E7461')));
    multi_lang_txt(n,'DEFAULT','sk',UTL_RAW.Cast_To_Varchar2(HexToRaw('41646D696E69737472C3A1636961206B6C69656E7461')));
    multi_lang_txt(n,'DEFAULT','en',UTL_RAW.Cast_To_Varchar2(HexToRaw('436C69656E74206D616E6167656D656E74')));
END;
/
DECLARE n Number;
BEGIN
BEGIN
    INSERT INTO OPERATIONGROUPS (GROUPID,STATUSID,LISTORDER)
    VALUES ('200','1','2');
EXCEPTION WHEN DUP_VAL_ON_INDEX THEN
    UPDATE OPERATIONGROUPS SET STATUSID='1',LISTORDER='2' WHERE GROUPID='200';
END;SELECT DISTINCT B.textID INTO n FROM OPERATIONGROUPS A, (SELECT textID FROM TEXTS) B WHERE A.textID=B.textID(+) and GROUPID='200';
IF n IS NULL THEN
    n:=getnexttextid('');
    UPDATE OPERATIONGROUPS SET textID=n WHERE GROUPID='200';
END IF;
    multi_lang_txt(n,'DEFAULT','cs',UTL_RAW.Cast_To_Varchar2(HexToRaw('446973706F7A696365207320C3BAC48D74656D')));
    multi_lang_txt(n,'DEFAULT','sk',UTL_RAW.Cast_To_Varchar2(HexToRaw('446973706F7AC3AD636961207320C3BAC48D746F6D')));
    multi_lang_txt(n,'DEFAULT','en',UTL_RAW.Cast_To_Varchar2(HexToRaw('4163636F756E7420646973706F736974696F6E')));
END;
/
DECLARE n Number;
BEGIN
BEGIN
    INSERT INTO OPERATIONGROUPS (GROUPID,STATUSID,LISTORDER)
    VALUES ('290','1','5');
EXCEPTION WHEN DUP_VAL_ON_INDEX THEN
    UPDATE OPERATIONGROUPS SET STATUSID='1',LISTORDER='5' WHERE GROUPID='290';
END;SELECT DISTINCT B.textID INTO n FROM OPERATIONGROUPS A, (SELECT textID FROM TEXTS) B WHERE A.textID=B.textID(+) and GROUPID='290';
IF n IS NULL THEN
    n:=getnexttextid('');
    UPDATE OPERATIONGROUPS SET textID=n WHERE GROUPID='290';
END IF;
    multi_lang_txt(n,'DEFAULT','cs',UTL_RAW.Cast_To_Varchar2(HexToRaw('50726F766F7A6EC3AD2064617461')));
    multi_lang_txt(n,'DEFAULT','sk',UTL_RAW.Cast_To_Varchar2(HexToRaw('50726576C3A1647A6B6F76C3A92064C3A17461')));
    multi_lang_txt(n,'DEFAULT','en',UTL_RAW.Cast_To_Varchar2(HexToRaw('4F7065726174696F6E616C2064617461')));
END;
/
DECLARE n Number;
BEGIN
BEGIN
    INSERT INTO OPERATIONGROUPS (GROUPID,STATUSID,LISTORDER)
    VALUES ('600','1','4');
EXCEPTION WHEN DUP_VAL_ON_INDEX THEN
    UPDATE OPERATIONGROUPS SET STATUSID='1',LISTORDER='4' WHERE GROUPID='600';
END;SELECT DISTINCT B.textID INTO n FROM OPERATIONGROUPS A, (SELECT textID FROM TEXTS) B WHERE A.textID=B.textID(+) and GROUPID='600';
IF n IS NULL THEN
    n:=getnexttextid('');
    UPDATE OPERATIONGROUPS SET textID=n WHERE GROUPID='600';
END IF;
    multi_lang_txt(n,'DEFAULT','cs',UTL_RAW.Cast_To_Varchar2(HexToRaw('42616E6B6F766EC3AD207A7072C3A17679')));
    multi_lang_txt(n,'DEFAULT','sk',UTL_RAW.Cast_To_Varchar2(HexToRaw('42616E6B6F76C3A920737072C3A17679')));
    multi_lang_txt(n,'DEFAULT','en',UTL_RAW.Cast_To_Varchar2(HexToRaw('42616E6B206D65737361676573')));
END;
/
DECLARE n Number;
BEGIN
BEGIN
    INSERT INTO OPERATIONGROUPS (GROUPID,STATUSID,LISTORDER)
    VALUES ('900','1','6');
EXCEPTION WHEN DUP_VAL_ON_INDEX THEN
    UPDATE OPERATIONGROUPS SET STATUSID='1',LISTORDER='6' WHERE GROUPID='900';
END;SELECT DISTINCT B.textID INTO n FROM OPERATIONGROUPS A, (SELECT textID FROM TEXTS) B WHERE A.textID=B.textID(+) and GROUPID='900';
IF n IS NULL THEN
    n:=getnexttextid('');
    UPDATE OPERATIONGROUPS SET textID=n WHERE GROUPID='900';
END IF;
    multi_lang_txt(n,'DEFAULT','cs',UTL_RAW.Cast_To_Varchar2(HexToRaw('53797374C3A96D6F76C3A12061646D696E69737472616365')));
    multi_lang_txt(n,'DEFAULT','sk',UTL_RAW.Cast_To_Varchar2(HexToRaw('53797374C3A96D6F76C3A12061646D696E69737472C3A1636961')));
    multi_lang_txt(n,'DEFAULT','en',UTL_RAW.Cast_To_Varchar2(HexToRaw('53797374656D2061646D696E697374726174696F6E')));
END;
/
DECLARE n Number;
BEGIN
BEGIN
    INSERT INTO OPERATIONGROUPS (GROUPID,STATUSID,LISTORDER)
    VALUES ('910','1','3');
EXCEPTION WHEN DUP_VAL_ON_INDEX THEN
    UPDATE OPERATIONGROUPS SET STATUSID='1',LISTORDER='3' WHERE GROUPID='910';
END;SELECT DISTINCT B.textID INTO n FROM OPERATIONGROUPS A, (SELECT textID FROM TEXTS) B WHERE A.textID=B.textID(+) and GROUPID='910';
IF n IS NULL THEN
    n:=getnexttextid('');
    UPDATE OPERATIONGROUPS SET textID=n WHERE GROUPID='910';
END IF;
    multi_lang_txt(n,'DEFAULT','cs',UTL_RAW.Cast_To_Varchar2(HexToRaw('50C599C3AD73747570206F706572C3A1746F726120646F206B6C69656E74736BC3BD6368206B616EC3A16CC5AF')));
    multi_lang_txt(n,'DEFAULT','sk',UTL_RAW.Cast_To_Varchar2(HexToRaw('5072C3AD73747570206F706572C3A1746F726120646F206B6C69656E74736B796368206B616EC3A16C6F76')));
    multi_lang_txt(n,'DEFAULT','en',UTL_RAW.Cast_To_Varchar2(HexToRaw('416363657373206F66206F70657261746F7220746F20636C69656E74206368616E6E656C73')));
END;
/
DECLARE n Number;
BEGIN
BEGIN
    INSERT INTO OPERATIONGROUPS (GROUPID,STATUSID,LISTORDER)
    VALUES ('300','1','7');
EXCEPTION WHEN DUP_VAL_ON_INDEX THEN
    UPDATE OPERATIONGROUPS SET STATUSID='1',LISTORDER='7' WHERE GROUPID='300';
END;SELECT DISTINCT B.textID INTO n FROM OPERATIONGROUPS A, (SELECT textID FROM TEXTS) B WHERE A.textID=B.textID(+) and GROUPID='300';
IF n IS NULL THEN
    n:=getnexttextid('');
    UPDATE OPERATIONGROUPS SET textID=n WHERE GROUPID='300';
END IF;
    multi_lang_txt(n,'DEFAULT','cs','Platby');
    multi_lang_txt(n,'DEFAULT','sk','Platby');
    multi_lang_txt(n,'DEFAULT','en','Single Payments');
END;
/
PROMPT /* ------------ CATALOG DEFINITION OPERATIONTYPES ------------ */
DECLARE n Number;
BEGIN
BEGIN
  INSERT INTO CATALOG(CODE,TIMEBASED,PRIMARYKEYATTRIBUTENAMES,ORDERBYATTRIBUTENAMES,COMMONTABLEUSED,EDITABILITYMODE,ENTITYVERSIONATTRIBUTENAME)
  VALUES ('OPERATIONTYPES',0,'OPERID','OperId',0,'N',null);
EXCEPTION WHEN DUP_VAL_ON_INDEX THEN
  UPDATE CATALOG SET TIMEBASED=0,PRIMARYKEYATTRIBUTENAMES='OPERID',ORDERBYATTRIBUTENAMES='OperId',
    COMMONTABLEUSED=0,EDITABILITYMODE='N',ENTITYVERSIONATTRIBUTENAME=null
  WHERE CODE='OPERATIONTYPES';
END;
  SELECT DISTINCT B.textID INTO n FROM CATALOG A, (SELECT textID FROM TEXTS) B WHERE A.textID=B.textID(+) and CODE='OPERATIONTYPES';
  IF n IS NULL THEN
    n:=getnexttextid('');
    UPDATE CATALOG SET textID=n WHERE CODE='OPERATIONTYPES';
  end if;
  multi_lang_txt(n,'DEFAULT','en',UTL_RAW.Cast_To_Varchar2(HexToRaw('4F7065726174696F6E205479706573')));
END;
/
PROMPT /* ------------ CATALOG CLEANUP DELETE ------------ */
DELETE FROM OPERATIONTYPES;

PROMPT /* ------------ CATALOG VALUES ------------ */
DECLARE n Number;
BEGIN
BEGIN
    INSERT INTO OPERATIONTYPES (OPERID,STATUSID,OPERTYPECODE,GROUPID,GROUPORDER,ACCOUNTSENSITIVE,CERTIFREQ,SIGNRULESREQ,AUTHORREQ,MAKESDEBIT,AVAILABLEFORCLIENT,AVAILABLEFOROPERATOR,USEDFORCLIENTADMINISTRATION)
    VALUES ('6','1','A_RIGHTS','120','8','0','0','0','1','0','0','1','0');
EXCEPTION WHEN DUP_VAL_ON_INDEX THEN
    UPDATE OPERATIONTYPES SET STATUSID='1',OPERTYPECODE='A_RIGHTS',GROUPID='120',GROUPORDER='8',ACCOUNTSENSITIVE='0',CERTIFREQ='0',SIGNRULESREQ='0',AUTHORREQ='1',MAKESDEBIT='0',AVAILABLEFORCLIENT='0',AVAILABLEFOROPERATOR='1',USEDFORCLIENTADMINISTRATION='0' WHERE OPERID='6';
END;SELECT DISTINCT B.textID INTO n FROM OPERATIONTYPES A, (SELECT textID FROM TEXTS) B WHERE A.textID=B.textID(+) and OPERID='6';
IF n IS NULL THEN
    n:=getnexttextid('');
    UPDATE OPERATIONTYPES SET textID=n WHERE OPERID='6';
END IF;
    multi_lang_txt(n,'DEFAULT','cs',UTL_RAW.Cast_To_Varchar2(HexToRaw('5072C3A17661206B6C69656E7461')));
    multi_lang_txt(n,'DEFAULT','sk',UTL_RAW.Cast_To_Varchar2(HexToRaw('5072C3A17661206B6C69656E7461')));
    multi_lang_txt(n,'DEFAULT','en',UTL_RAW.Cast_To_Varchar2(HexToRaw('436C69656E7420726967687473')));
END;
/
DECLARE n Number;
BEGIN
BEGIN
    INSERT INTO OPERATIONTYPES (OPERID,STATUSID,OPERTYPECODE,GROUPID,GROUPORDER,ACCOUNTSENSITIVE,CERTIFREQ,SIGNRULESREQ,AUTHORREQ,MAKESDEBIT,AVAILABLEFORCLIENT,AVAILABLEFOROPERATOR,USEDFORCLIENTADMINISTRATION)
    VALUES ('8','1','A_CLIENTS','120','1','0','0','0','1','0','0','1','0');
EXCEPTION WHEN DUP_VAL_ON_INDEX THEN
    UPDATE OPERATIONTYPES SET STATUSID='1',OPERTYPECODE='A_CLIENTS',GROUPID='120',GROUPORDER='1',ACCOUNTSENSITIVE='0',CERTIFREQ='0',SIGNRULESREQ='0',AUTHORREQ='1',MAKESDEBIT='0',AVAILABLEFORCLIENT='0',AVAILABLEFOROPERATOR='1',USEDFORCLIENTADMINISTRATION='0' WHERE OPERID='8';
END;SELECT DISTINCT B.textID INTO n FROM OPERATIONTYPES A, (SELECT textID FROM TEXTS) B WHERE A.textID=B.textID(+) and OPERID='8';
IF n IS NULL THEN
    n:=getnexttextid('');
    UPDATE OPERATIONTYPES SET textID=n WHERE OPERID='8';
END IF;
    multi_lang_txt(n,'DEFAULT','cs',UTL_RAW.Cast_To_Varchar2(HexToRaw('537072C3A17661206B6C69656E74C5AF')));
    multi_lang_txt(n,'DEFAULT','sk',UTL_RAW.Cast_To_Varchar2(HexToRaw('537072C3A17661206B6C69656E746F76')));
    multi_lang_txt(n,'DEFAULT','en',UTL_RAW.Cast_To_Varchar2(HexToRaw('436C69656E7473')));
END;
/
DECLARE n Number;
BEGIN
BEGIN
    INSERT INTO OPERATIONTYPES (OPERID,STATUSID,OPERTYPECODE,GROUPID,GROUPORDER,ACCOUNTSENSITIVE,CERTIFREQ,SIGNRULESREQ,AUTHORREQ,MAKESDEBIT,AVAILABLEFORCLIENT,AVAILABLEFOROPERATOR,USEDFORCLIENTADMINISTRATION)
    VALUES ('30','1','A_REFLISTS','900','1','0','0','0','1','0','0','1','0');
EXCEPTION WHEN DUP_VAL_ON_INDEX THEN
    UPDATE OPERATIONTYPES SET STATUSID='1',OPERTYPECODE='A_REFLISTS',GROUPID='900',GROUPORDER='1',ACCOUNTSENSITIVE='0',CERTIFREQ='0',SIGNRULESREQ='0',AUTHORREQ='1',MAKESDEBIT='0',AVAILABLEFORCLIENT='0',AVAILABLEFOROPERATOR='1',USEDFORCLIENTADMINISTRATION='0' WHERE OPERID='30';
END;SELECT DISTINCT B.textID INTO n FROM OPERATIONTYPES A, (SELECT textID FROM TEXTS) B WHERE A.textID=B.textID(+) and OPERID='30';
IF n IS NULL THEN
    n:=getnexttextid('');
    UPDATE OPERATIONTYPES SET textID=n WHERE OPERID='30';
END IF;
    multi_lang_txt(n,'DEFAULT','cs',UTL_RAW.Cast_To_Varchar2(HexToRaw('C48CC3AD73656C6EC3AD6B79')));
    multi_lang_txt(n,'DEFAULT','sk',UTL_RAW.Cast_To_Varchar2(HexToRaw('C48CC3AD73656C6EC3AD6B79')));
    multi_lang_txt(n,'DEFAULT','en',UTL_RAW.Cast_To_Varchar2(HexToRaw('436174616C6F6773')));
END;
/
DECLARE n Number;
BEGIN
BEGIN
    INSERT INTO OPERATIONTYPES (OPERID,STATUSID,OPERTYPECODE,GROUPID,GROUPORDER,ACCOUNTSENSITIVE,CERTIFREQ,SIGNRULESREQ,AUTHORREQ,MAKESDEBIT,AVAILABLEFORCLIENT,AVAILABLEFOROPERATOR,USEDFORCLIENTADMINISTRATION)
    VALUES ('92','1','A_SYSPARMS','900','2','0','0','0','1','0','0','1','0');
EXCEPTION WHEN DUP_VAL_ON_INDEX THEN
    UPDATE OPERATIONTYPES SET STATUSID='1',OPERTYPECODE='A_SYSPARMS',GROUPID='900',GROUPORDER='2',ACCOUNTSENSITIVE='0',CERTIFREQ='0',SIGNRULESREQ='0',AUTHORREQ='1',MAKESDEBIT='0',AVAILABLEFORCLIENT='0',AVAILABLEFOROPERATOR='1',USEDFORCLIENTADMINISTRATION='0' WHERE OPERID='92';
END;SELECT DISTINCT B.textID INTO n FROM OPERATIONTYPES A, (SELECT textID FROM TEXTS) B WHERE A.textID=B.textID(+) and OPERID='92';
IF n IS NULL THEN
    n:=getnexttextid('');
    UPDATE OPERATIONTYPES SET textID=n WHERE OPERID='92';
END IF;
    multi_lang_txt(n,'DEFAULT','cs',UTL_RAW.Cast_To_Varchar2(HexToRaw('53797374C3A96D6F76C3A920706172616D65747279')));
    multi_lang_txt(n,'DEFAULT','sk',UTL_RAW.Cast_To_Varchar2(HexToRaw('53797374C3A96D6F76C3A920706172616D65747265')));
    multi_lang_txt(n,'DEFAULT','en',UTL_RAW.Cast_To_Varchar2(HexToRaw('53797374656D20706172616D6574657273')));
END;
/
DECLARE n Number;
BEGIN
BEGIN
    INSERT INTO OPERATIONTYPES (OPERID,STATUSID,OPERTYPECODE,GROUPID,GROUPORDER,ACCOUNTSENSITIVE,CERTIFREQ,SIGNRULESREQ,AUTHORREQ,MAKESDEBIT,AVAILABLEFORCLIENT,AVAILABLEFOROPERATOR,USEDFORCLIENTADMINISTRATION)
    VALUES ('93','1','A_OPRROLES','900','3','0','0','0','1','0','0','1','0');
EXCEPTION WHEN DUP_VAL_ON_INDEX THEN
    UPDATE OPERATIONTYPES SET STATUSID='1',OPERTYPECODE='A_OPRROLES',GROUPID='900',GROUPORDER='3',ACCOUNTSENSITIVE='0',CERTIFREQ='0',SIGNRULESREQ='0',AUTHORREQ='1',MAKESDEBIT='0',AVAILABLEFORCLIENT='0',AVAILABLEFOROPERATOR='1',USEDFORCLIENTADMINISTRATION='0' WHERE OPERID='93';
END;SELECT DISTINCT B.textID INTO n FROM OPERATIONTYPES A, (SELECT textID FROM TEXTS) B WHERE A.textID=B.textID(+) and OPERID='93';
IF n IS NULL THEN
    n:=getnexttextid('');
    UPDATE OPERATIONTYPES SET textID=n WHERE OPERID='93';
END IF;
    multi_lang_txt(n,'DEFAULT','cs',UTL_RAW.Cast_To_Varchar2(HexToRaw('537072C3A1766120726F6CC3AD')));
    multi_lang_txt(n,'DEFAULT','sk',UTL_RAW.Cast_To_Varchar2(HexToRaw('537072C3A1766120726F6CC3AD')));
    multi_lang_txt(n,'DEFAULT','en',UTL_RAW.Cast_To_Varchar2(HexToRaw('42616E6B206F70657261746F7220726F6C6573')));
END;
/
DECLARE n Number;
BEGIN
BEGIN
    INSERT INTO OPERATIONTYPES (OPERID,STATUSID,OPERTYPECODE,GROUPID,GROUPORDER,ACCOUNTSENSITIVE,CERTIFREQ,SIGNRULESREQ,AUTHORREQ,MAKESDEBIT,AVAILABLEFORCLIENT,AVAILABLEFOROPERATOR,USEDFORCLIENTADMINISTRATION)
    VALUES ('94','1','A_CHGUITXT','900','4','0','0','0','1','0','0','1','0');
EXCEPTION WHEN DUP_VAL_ON_INDEX THEN
    UPDATE OPERATIONTYPES SET STATUSID='1',OPERTYPECODE='A_CHGUITXT',GROUPID='900',GROUPORDER='4',ACCOUNTSENSITIVE='0',CERTIFREQ='0',SIGNRULESREQ='0',AUTHORREQ='1',MAKESDEBIT='0',AVAILABLEFORCLIENT='0',AVAILABLEFOROPERATOR='1',USEDFORCLIENTADMINISTRATION='0' WHERE OPERID='94';
END;SELECT DISTINCT B.textID INTO n FROM OPERATIONTYPES A, (SELECT textID FROM TEXTS) B WHERE A.textID=B.textID(+) and OPERID='94';
IF n IS NULL THEN
    n:=getnexttextid('');
    UPDATE OPERATIONTYPES SET textID=n WHERE OPERID='94';
END IF;
    multi_lang_txt(n,'DEFAULT','cs',UTL_RAW.Cast_To_Varchar2(HexToRaw('537072C3A17661204755492074657874C5AF')));
    multi_lang_txt(n,'DEFAULT','sk',UTL_RAW.Cast_To_Varchar2(HexToRaw('537072C3A176612047554920746578746F76')));
    multi_lang_txt(n,'DEFAULT','en',UTL_RAW.Cast_To_Varchar2(HexToRaw('475549207465787473206F6620616363657373206368616E6E656C73')));
END;
/
DECLARE n Number;
BEGIN
BEGIN
    INSERT INTO OPERATIONTYPES (OPERID,STATUSID,OPERTYPECODE,GROUPID,GROUPORDER,ACCOUNTSENSITIVE,CERTIFREQ,SIGNRULESREQ,AUTHORREQ,MAKESDEBIT,AVAILABLEFORCLIENT,AVAILABLEFOROPERATOR,USEDFORCLIENTADMINISTRATION)
    VALUES ('200','1','ACCOUNTS','200','1','1','0','0','1','0','1','0','0');
EXCEPTION WHEN DUP_VAL_ON_INDEX THEN
    UPDATE OPERATIONTYPES SET STATUSID='1',OPERTYPECODE='ACCOUNTS',GROUPID='200',GROUPORDER='1',ACCOUNTSENSITIVE='1',CERTIFREQ='0',SIGNRULESREQ='0',AUTHORREQ='1',MAKESDEBIT='0',AVAILABLEFORCLIENT='1',AVAILABLEFOROPERATOR='0',USEDFORCLIENTADMINISTRATION='0' WHERE OPERID='200';
END;SELECT DISTINCT B.textID INTO n FROM OPERATIONTYPES A, (SELECT textID FROM TEXTS) B WHERE A.textID=B.textID(+) and OPERID='200';
IF n IS NULL THEN
    n:=getnexttextid('');
    UPDATE OPERATIONTYPES SET textID=n WHERE OPERID='200';
END IF;
    multi_lang_txt(n,'DEFAULT','cs',UTL_RAW.Cast_To_Varchar2(HexToRaw('41646D696E69737472616365206B6C69656E7461')));
    multi_lang_txt(n,'DEFAULT','sk',UTL_RAW.Cast_To_Varchar2(HexToRaw('41646D696E69737472C3A1636961206B6C69656E7461')));
    multi_lang_txt(n,'DEFAULT','en',UTL_RAW.Cast_To_Varchar2(HexToRaw('436C69656E74206D616E6167656D656E74')));
END;
/
DECLARE n Number;
BEGIN
BEGIN
    INSERT INTO OPERATIONTYPES (OPERID,STATUSID,OPERTYPECODE,GROUPID,GROUPORDER,ACCOUNTSENSITIVE,CERTIFREQ,SIGNRULESREQ,AUTHORREQ,MAKESDEBIT,AVAILABLEFORCLIENT,AVAILABLEFOROPERATOR,USEDFORCLIENTADMINISTRATION)
    VALUES ('204','1','ACCMOV','200','2','1','0','0','1','0','1','0','0');
EXCEPTION WHEN DUP_VAL_ON_INDEX THEN
    UPDATE OPERATIONTYPES SET STATUSID='1',OPERTYPECODE='ACCMOV',GROUPID='200',GROUPORDER='2',ACCOUNTSENSITIVE='1',CERTIFREQ='0',SIGNRULESREQ='0',AUTHORREQ='1',MAKESDEBIT='0',AVAILABLEFORCLIENT='1',AVAILABLEFOROPERATOR='0',USEDFORCLIENTADMINISTRATION='0' WHERE OPERID='204';
END;SELECT DISTINCT B.textID INTO n FROM OPERATIONTYPES A, (SELECT textID FROM TEXTS) B WHERE A.textID=B.textID(+) and OPERID='204';
IF n IS NULL THEN
    n:=getnexttextid('');
    UPDATE OPERATIONTYPES SET textID=n WHERE OPERID='204';
END IF;
    multi_lang_txt(n,'DEFAULT','cs',UTL_RAW.Cast_To_Varchar2(HexToRaw('446973706F7A696365207320C3BAC48D74656D')));
    multi_lang_txt(n,'DEFAULT','sk',UTL_RAW.Cast_To_Varchar2(HexToRaw('446973706F7AC3AD636961207320C3BAC48D746F6D')));
    multi_lang_txt(n,'DEFAULT','en',UTL_RAW.Cast_To_Varchar2(HexToRaw('4163636F756E7420646973706F736974696F6E')));
END;
/
DECLARE n Number;
BEGIN
BEGIN
    INSERT INTO OPERATIONTYPES (OPERID,STATUSID,OPERTYPECODE,GROUPID,GROUPORDER,ACCOUNTSENSITIVE,CERTIFREQ,SIGNRULESREQ,AUTHORREQ,MAKESDEBIT,AVAILABLEFORCLIENT,AVAILABLEFOROPERATOR,USEDFORCLIENTADMINISTRATION)
    VALUES ('292','1','A_JOURNAL','290','1','0','0','0','1','0','0','1','0');
EXCEPTION WHEN DUP_VAL_ON_INDEX THEN
    UPDATE OPERATIONTYPES SET STATUSID='1',OPERTYPECODE='A_JOURNAL',GROUPID='290',GROUPORDER='1',ACCOUNTSENSITIVE='0',CERTIFREQ='0',SIGNRULESREQ='0',AUTHORREQ='1',MAKESDEBIT='0',AVAILABLEFORCLIENT='0',AVAILABLEFOROPERATOR='1',USEDFORCLIENTADMINISTRATION='0' WHERE OPERID='292';
END;SELECT DISTINCT B.textID INTO n FROM OPERATIONTYPES A, (SELECT textID FROM TEXTS) B WHERE A.textID=B.textID(+) and OPERID='292';
IF n IS NULL THEN
    n:=getnexttextid('');
    UPDATE OPERATIONTYPES SET textID=n WHERE OPERID='292';
END IF;
    multi_lang_txt(n,'DEFAULT','cs',UTL_RAW.Cast_To_Varchar2(HexToRaw('C5BD75726EC3A16C')));
    multi_lang_txt(n,'DEFAULT','sk',UTL_RAW.Cast_To_Varchar2(HexToRaw('C5BD75726EC3A16C')));
    multi_lang_txt(n,'DEFAULT','en',UTL_RAW.Cast_To_Varchar2(HexToRaw('4A6F75726E616C')));
END;
/
DECLARE n Number;
BEGIN
BEGIN
    INSERT INTO OPERATIONTYPES (OPERID,STATUSID,OPERTYPECODE,GROUPID,GROUPORDER,ACCOUNTSENSITIVE,CERTIFREQ,SIGNRULESREQ,AUTHORREQ,MAKESDEBIT,AVAILABLEFORCLIENT,AVAILABLEFOROPERATOR,USEDFORCLIENTADMINISTRATION)
    VALUES ('293','1','A_ACCOUNTS','120','3','0','0','0','1','0','0','1','0');
EXCEPTION WHEN DUP_VAL_ON_INDEX THEN
    UPDATE OPERATIONTYPES SET STATUSID='1',OPERTYPECODE='A_ACCOUNTS',GROUPID='120',GROUPORDER='3',ACCOUNTSENSITIVE='0',CERTIFREQ='0',SIGNRULESREQ='0',AUTHORREQ='1',MAKESDEBIT='0',AVAILABLEFORCLIENT='0',AVAILABLEFOROPERATOR='1',USEDFORCLIENTADMINISTRATION='0' WHERE OPERID='293';
END;SELECT DISTINCT B.textID INTO n FROM OPERATIONTYPES A, (SELECT textID FROM TEXTS) B WHERE A.textID=B.textID(+) and OPERID='293';
IF n IS NULL THEN
    n:=getnexttextid('');
    UPDATE OPERATIONTYPES SET textID=n WHERE OPERID='293';
END IF;
    multi_lang_txt(n,'DEFAULT','cs',UTL_RAW.Cast_To_Varchar2(HexToRaw('C39AC48D7479206B6C69656E7461')));
    multi_lang_txt(n,'DEFAULT','sk',UTL_RAW.Cast_To_Varchar2(HexToRaw('C39AC48D7479206B6C69656E7461')));
    multi_lang_txt(n,'DEFAULT','en',UTL_RAW.Cast_To_Varchar2(HexToRaw('436C69656E74206163636F756E7473')));
END;
/
DECLARE n Number;
BEGIN
BEGIN
    INSERT INTO OPERATIONTYPES (OPERID,STATUSID,OPERTYPECODE,GROUPID,GROUPORDER,ACCOUNTSENSITIVE,CERTIFREQ,SIGNRULESREQ,AUTHORREQ,MAKESDEBIT,AVAILABLEFORCLIENT,AVAILABLEFOROPERATOR,USEDFORCLIENTADMINISTRATION)
    VALUES ('602','1','A_OUTMSGS','600','2','0','0','0','1','0','0','1','0');
EXCEPTION WHEN DUP_VAL_ON_INDEX THEN
    UPDATE OPERATIONTYPES SET STATUSID='1',OPERTYPECODE='A_OUTMSGS',GROUPID='600',GROUPORDER='2',ACCOUNTSENSITIVE='0',CERTIFREQ='0',SIGNRULESREQ='0',AUTHORREQ='1',MAKESDEBIT='0',AVAILABLEFORCLIENT='0',AVAILABLEFOROPERATOR='1',USEDFORCLIENTADMINISTRATION='0' WHERE OPERID='602';
END;SELECT DISTINCT B.textID INTO n FROM OPERATIONTYPES A, (SELECT textID FROM TEXTS) B WHERE A.textID=B.textID(+) and OPERID='602';
IF n IS NULL THEN
    n:=getnexttextid('');
    UPDATE OPERATIONTYPES SET textID=n WHERE OPERID='602';
END IF;
    multi_lang_txt(n,'DEFAULT','cs',UTL_RAW.Cast_To_Varchar2(HexToRaw('4F646573C3AD6CC3A16EC3AD207A7072C3A176')));
    multi_lang_txt(n,'DEFAULT','sk',UTL_RAW.Cast_To_Varchar2(HexToRaw('4F646F7369656C616E696520737072C3A176')));
    multi_lang_txt(n,'DEFAULT','en',UTL_RAW.Cast_To_Varchar2(HexToRaw('42616E6B206D65737361676573')));
END;
/
DECLARE n Number;
BEGIN
BEGIN
    INSERT INTO OPERATIONTYPES (OPERID,STATUSID,OPERTYPECODE,GROUPID,GROUPORDER,ACCOUNTSENSITIVE,CERTIFREQ,SIGNRULESREQ,AUTHORREQ,MAKESDEBIT,AVAILABLEFORCLIENT,AVAILABLEFOROPERATOR,USEDFORCLIENTADMINISTRATION)
    VALUES ('603','1','A_INMSGS','600','1','0','0','0','1','0','0','1','0');
EXCEPTION WHEN DUP_VAL_ON_INDEX THEN
    UPDATE OPERATIONTYPES SET STATUSID='1',OPERTYPECODE='A_INMSGS',GROUPID='600',GROUPORDER='1',ACCOUNTSENSITIVE='0',CERTIFREQ='0',SIGNRULESREQ='0',AUTHORREQ='1',MAKESDEBIT='0',AVAILABLEFORCLIENT='0',AVAILABLEFOROPERATOR='1',USEDFORCLIENTADMINISTRATION='0' WHERE OPERID='603';
END;SELECT DISTINCT B.textID INTO n FROM OPERATIONTYPES A, (SELECT textID FROM TEXTS) B WHERE A.textID=B.textID(+) and OPERID='603';
IF n IS NULL THEN
    n:=getnexttextid('');
    UPDATE OPERATIONTYPES SET textID=n WHERE OPERID='603';
END IF;
    multi_lang_txt(n,'DEFAULT','cs',UTL_RAW.Cast_To_Varchar2(HexToRaw('50C599696A6174C3A9207A7072C3A17679')));
    multi_lang_txt(n,'DEFAULT','sk',UTL_RAW.Cast_To_Varchar2(HexToRaw('5072696A6174C3A920737072C3A17679')));
    multi_lang_txt(n,'DEFAULT','en',UTL_RAW.Cast_To_Varchar2(HexToRaw('4D657373616765732066726F6D20636C69656E74')));
END;
/
DECLARE n Number;
BEGIN
BEGIN
    INSERT INTO OPERATIONTYPES (OPERID,STATUSID,OPERTYPECODE,GROUPID,GROUPORDER,ACCOUNTSENSITIVE,CERTIFREQ,SIGNRULESREQ,AUTHORREQ,MAKESDEBIT,AVAILABLEFORCLIENT,AVAILABLEFOROPERATOR,USEDFORCLIENTADMINISTRATION)
    VALUES ('885','1','A_ONBEHALF','910','1','0','0','0','1','0','0','1','0');
EXCEPTION WHEN DUP_VAL_ON_INDEX THEN
    UPDATE OPERATIONTYPES SET STATUSID='1',OPERTYPECODE='A_ONBEHALF',GROUPID='910',GROUPORDER='1',ACCOUNTSENSITIVE='0',CERTIFREQ='0',SIGNRULESREQ='0',AUTHORREQ='1',MAKESDEBIT='0',AVAILABLEFORCLIENT='0',AVAILABLEFOROPERATOR='1',USEDFORCLIENTADMINISTRATION='0' WHERE OPERID='885';
END;SELECT DISTINCT B.textID INTO n FROM OPERATIONTYPES A, (SELECT textID FROM TEXTS) B WHERE A.textID=B.textID(+) and OPERID='885';
IF n IS NULL THEN
    n:=getnexttextid('');
    UPDATE OPERATIONTYPES SET textID=n WHERE OPERID='885';
END IF;
    multi_lang_txt(n,'DEFAULT','cs',UTL_RAW.Cast_To_Varchar2(HexToRaw('50C59969686CC3A1C5A1656EC3AD2073206B6C69656E74656D')));
    multi_lang_txt(n,'DEFAULT','sk',UTL_RAW.Cast_To_Varchar2(HexToRaw('507269686CC3A173656E69652073206B6C69656E746F6D')));
    multi_lang_txt(n,'DEFAULT','en',UTL_RAW.Cast_To_Varchar2(HexToRaw('4F6E20626568616C6620616363657373')));
END;
/
DECLARE n Number;
BEGIN
BEGIN
    INSERT INTO OPERATIONTYPES (OPERID,STATUSID,OPERTYPECODE,GROUPID,GROUPORDER,ACCOUNTSENSITIVE,CERTIFREQ,SIGNRULESREQ,AUTHORREQ,MAKESDEBIT,AVAILABLEFORCLIENT,AVAILABLEFOROPERATOR,USEDFORCLIENTADMINISTRATION)
    VALUES ('886','1','A_PASSUSRA','910','2','0','0','0','1','0','0','1','0');
EXCEPTION WHEN DUP_VAL_ON_INDEX THEN
    UPDATE OPERATIONTYPES SET STATUSID='1',OPERTYPECODE='A_PASSUSRA',GROUPID='910',GROUPORDER='2',ACCOUNTSENSITIVE='0',CERTIFREQ='0',SIGNRULESREQ='0',AUTHORREQ='1',MAKESDEBIT='0',AVAILABLEFORCLIENT='0',AVAILABLEFOROPERATOR='1',USEDFORCLIENTADMINISTRATION='0' WHERE OPERID='886';
END;SELECT DISTINCT B.textID INTO n FROM OPERATIONTYPES A, (SELECT textID FROM TEXTS) B WHERE A.textID=B.textID(+) and OPERID='886';
IF n IS NULL THEN
    n:=getnexttextid('');
    UPDATE OPERATIONTYPES SET textID=n WHERE OPERID='886';
END IF;
    multi_lang_txt(n,'DEFAULT','cs',UTL_RAW.Cast_To_Varchar2(HexToRaw('50617369766EC3AD2070C599C3AD73747570206E612075C5BE69766174656C65')));
    multi_lang_txt(n,'DEFAULT','sk',UTL_RAW.Cast_To_Varchar2(HexToRaw('506173C3AD766E79207072C3AD73747570206E6120706F75C5BEC3AD76617465C4BE61')));
    multi_lang_txt(n,'DEFAULT','en',UTL_RAW.Cast_To_Varchar2(HexToRaw('506173736976652061636365737320746F2075736572')));
END;
/
DECLARE n Number;
BEGIN
BEGIN
    INSERT INTO OPERATIONTYPES (OPERID,STATUSID,OPERTYPECODE,GROUPID,GROUPORDER,ACCOUNTSENSITIVE,CERTIFREQ,SIGNRULESREQ,AUTHORREQ,MAKESDEBIT,AVAILABLEFORCLIENT,AVAILABLEFOROPERATOR,USEDFORCLIENTADMINISTRATION)
    VALUES ('951','1','A_C_CHANLS','120','2','0','0','0','1','0','0','1','0');
EXCEPTION WHEN DUP_VAL_ON_INDEX THEN
    UPDATE OPERATIONTYPES SET STATUSID='1',OPERTYPECODE='A_C_CHANLS',GROUPID='120',GROUPORDER='2',ACCOUNTSENSITIVE='0',CERTIFREQ='0',SIGNRULESREQ='0',AUTHORREQ='1',MAKESDEBIT='0',AVAILABLEFORCLIENT='0',AVAILABLEFOROPERATOR='1',USEDFORCLIENTADMINISTRATION='0' WHERE OPERID='951';
END;SELECT DISTINCT B.textID INTO n FROM OPERATIONTYPES A, (SELECT textID FROM TEXTS) B WHERE A.textID=B.textID(+) and OPERID='951';
IF n IS NULL THEN
    n:=getnexttextid('');
    UPDATE OPERATIONTYPES SET textID=n WHERE OPERID='951';
END IF;
    multi_lang_txt(n,'DEFAULT','cs',UTL_RAW.Cast_To_Varchar2(HexToRaw('4B616EC3A16C79206B6C69656E7461')));
    multi_lang_txt(n,'DEFAULT','sk',UTL_RAW.Cast_To_Varchar2(HexToRaw('4B616EC3A16C79206B6C69656E7461')));
    multi_lang_txt(n,'DEFAULT','en',UTL_RAW.Cast_To_Varchar2(HexToRaw('436C69656E7420616363657373206368616E6E656C73')));
END;
/
DECLARE n Number;
BEGIN
BEGIN
    INSERT INTO OPERATIONTYPES (OPERID,STATUSID,OPERTYPECODE,GROUPID,GROUPORDER,ACCOUNTSENSITIVE,CERTIFREQ,SIGNRULESREQ,AUTHORREQ,MAKESDEBIT,AVAILABLEFORCLIENT,AVAILABLEFOROPERATOR,USEDFORCLIENTADMINISTRATION)
    VALUES ('952','1','A_A_RESTRS','120','4','0','0','0','1','0','0','1','0');
EXCEPTION WHEN DUP_VAL_ON_INDEX THEN
    UPDATE OPERATIONTYPES SET STATUSID='1',OPERTYPECODE='A_A_RESTRS',GROUPID='120',GROUPORDER='4',ACCOUNTSENSITIVE='0',CERTIFREQ='0',SIGNRULESREQ='0',AUTHORREQ='1',MAKESDEBIT='0',AVAILABLEFORCLIENT='0',AVAILABLEFOROPERATOR='1',USEDFORCLIENTADMINISTRATION='0' WHERE OPERID='952';
END;SELECT DISTINCT B.textID INTO n FROM OPERATIONTYPES A, (SELECT textID FROM TEXTS) B WHERE A.textID=B.textID(+) and OPERID='952';
IF n IS NULL THEN
    n:=getnexttextid('');
    UPDATE OPERATIONTYPES SET textID=n WHERE OPERID='952';
END IF;
    multi_lang_txt(n,'DEFAULT','cs',UTL_RAW.Cast_To_Varchar2(HexToRaw('4B6C69656E74736BC3A1206F6D657A656EC3AD20C3BAC48D7475')));
    multi_lang_txt(n,'DEFAULT','sk',UTL_RAW.Cast_To_Varchar2(HexToRaw('4B6C69656E74736BC3A1206F626D65647A656E696120C3BAC48D7475')));
    multi_lang_txt(n,'DEFAULT','en',UTL_RAW.Cast_To_Varchar2(HexToRaw('436C69656E74206163636F756E74207265737472696374696F6E73')));
END;
/
DECLARE n Number;
BEGIN
BEGIN
    INSERT INTO OPERATIONTYPES (OPERID,STATUSID,OPERTYPECODE,GROUPID,GROUPORDER,ACCOUNTSENSITIVE,CERTIFREQ,SIGNRULESREQ,AUTHORREQ,MAKESDEBIT,AVAILABLEFORCLIENT,AVAILABLEFOROPERATOR,USEDFORCLIENTADMINISTRATION)
    VALUES ('953','1','A_PARTACCS','120','5','0','0','0','1','0','0','1','0');
EXCEPTION WHEN DUP_VAL_ON_INDEX THEN
    UPDATE OPERATIONTYPES SET STATUSID='1',OPERTYPECODE='A_PARTACCS',GROUPID='120',GROUPORDER='5',ACCOUNTSENSITIVE='0',CERTIFREQ='0',SIGNRULESREQ='0',AUTHORREQ='1',MAKESDEBIT='0',AVAILABLEFORCLIENT='0',AVAILABLEFOROPERATOR='1',USEDFORCLIENTADMINISTRATION='0' WHERE OPERID='953';
END;SELECT DISTINCT B.textID INTO n FROM OPERATIONTYPES A, (SELECT textID FROM TEXTS) B WHERE A.textID=B.textID(+) and OPERID='953';
IF n IS NULL THEN
    n:=getnexttextid('');
    UPDATE OPERATIONTYPES SET textID=n WHERE OPERID='953';
END IF;
    multi_lang_txt(n,'DEFAULT','cs',UTL_RAW.Cast_To_Varchar2(HexToRaw('506172746E6572736BC3A920C3BAC48D7479')));
    multi_lang_txt(n,'DEFAULT','sk',UTL_RAW.Cast_To_Varchar2(HexToRaw('506172746E6572736BC3A920C3BAC48D7479')));
    multi_lang_txt(n,'DEFAULT','en',UTL_RAW.Cast_To_Varchar2(HexToRaw('506172746E6572206163636F756E7473')));
END;
/
DECLARE n Number;
BEGIN
BEGIN
    INSERT INTO OPERATIONTYPES (OPERID,STATUSID,OPERTYPECODE,GROUPID,GROUPORDER,ACCOUNTSENSITIVE,CERTIFREQ,SIGNRULESREQ,AUTHORREQ,MAKESDEBIT,AVAILABLEFORCLIENT,AVAILABLEFOROPERATOR,USEDFORCLIENTADMINISTRATION)
    VALUES ('956','1','A_SMLIMITS','120','7','0','0','0','1','0','0','1','0');
EXCEPTION WHEN DUP_VAL_ON_INDEX THEN
    UPDATE OPERATIONTYPES SET STATUSID='1',OPERTYPECODE='A_SMLIMITS',GROUPID='120',GROUPORDER='7',ACCOUNTSENSITIVE='0',CERTIFREQ='0',SIGNRULESREQ='0',AUTHORREQ='1',MAKESDEBIT='0',AVAILABLEFORCLIENT='0',AVAILABLEFOROPERATOR='1',USEDFORCLIENTADMINISTRATION='0' WHERE OPERID='956';
END;SELECT DISTINCT B.textID INTO n FROM OPERATIONTYPES A, (SELECT textID FROM TEXTS) B WHERE A.textID=B.textID(+) and OPERID='956';
IF n IS NULL THEN
    n:=getnexttextid('');
    UPDATE OPERATIONTYPES SET textID=n WHERE OPERID='956';
END IF;
    multi_lang_txt(n,'DEFAULT','cs',UTL_RAW.Cast_To_Varchar2(HexToRaw('4C696D6974792062657A7065C48D6E6F73746EC3AD6368206D65746F64')));
    multi_lang_txt(n,'DEFAULT','sk',UTL_RAW.Cast_To_Varchar2(HexToRaw('4C696D6974792062657A7065C48D6E6F73746EC3BD6368206D6574C3B364')));
    multi_lang_txt(n,'DEFAULT','en',UTL_RAW.Cast_To_Varchar2(HexToRaw('436C69656E74206C696D697473206F66207365637572697479206D6574686F6473')));
END;
/
DECLARE n Number;
BEGIN
BEGIN
    INSERT INTO OPERATIONTYPES (OPERID,STATUSID,OPERTYPECODE,GROUPID,GROUPORDER,ACCOUNTSENSITIVE,CERTIFREQ,SIGNRULESREQ,AUTHORREQ,MAKESDEBIT,AVAILABLEFORCLIENT,AVAILABLEFOROPERATOR,USEDFORCLIENTADMINISTRATION)
    VALUES ('957','1','A_RGHTPROF','120','9','0','0','0','1','0','0','1','0');
EXCEPTION WHEN DUP_VAL_ON_INDEX THEN
    UPDATE OPERATIONTYPES SET STATUSID='1',OPERTYPECODE='A_RGHTPROF',GROUPID='120',GROUPORDER='9',ACCOUNTSENSITIVE='0',CERTIFREQ='0',SIGNRULESREQ='0',AUTHORREQ='1',MAKESDEBIT='0',AVAILABLEFORCLIENT='0',AVAILABLEFOROPERATOR='1',USEDFORCLIENTADMINISTRATION='0' WHERE OPERID='957';
END;SELECT DISTINCT B.textID INTO n FROM OPERATIONTYPES A, (SELECT textID FROM TEXTS) B WHERE A.textID=B.textID(+) and OPERID='957';
IF n IS NULL THEN
    n:=getnexttextid('');
    UPDATE OPERATIONTYPES SET textID=n WHERE OPERID='957';
END IF;
    multi_lang_txt(n,'DEFAULT','cs',UTL_RAW.Cast_To_Varchar2(HexToRaw('50726F66696C79207072C3A176')));
    multi_lang_txt(n,'DEFAULT','sk',UTL_RAW.Cast_To_Varchar2(HexToRaw('50726F66696C79207072C3A176')));
    multi_lang_txt(n,'DEFAULT','en',UTL_RAW.Cast_To_Varchar2(HexToRaw('52696768742070726F66696C6573')));
END;
/
DECLARE n Number;
BEGIN
BEGIN
    INSERT INTO OPERATIONTYPES (OPERID,STATUSID,OPERTYPECODE,GROUPID,GROUPORDER,ACCOUNTSENSITIVE,CERTIFREQ,SIGNRULESREQ,AUTHORREQ,MAKESDEBIT,AVAILABLEFORCLIENT,AVAILABLEFOROPERATOR,USEDFORCLIENTADMINISTRATION)
    VALUES ('958','1','A_SGNROLES','120','10','0','0','0','1','0','0','1','0');
EXCEPTION WHEN DUP_VAL_ON_INDEX THEN
    UPDATE OPERATIONTYPES SET STATUSID='1',OPERTYPECODE='A_SGNROLES',GROUPID='120',GROUPORDER='10',ACCOUNTSENSITIVE='0',CERTIFREQ='0',SIGNRULESREQ='0',AUTHORREQ='1',MAKESDEBIT='0',AVAILABLEFORCLIENT='0',AVAILABLEFOROPERATOR='1',USEDFORCLIENTADMINISTRATION='0' WHERE OPERID='958';
END;SELECT DISTINCT B.textID INTO n FROM OPERATIONTYPES A, (SELECT textID FROM TEXTS) B WHERE A.textID=B.textID(+) and OPERID='958';
IF n IS NULL THEN
    n:=getnexttextid('');
    UPDATE OPERATIONTYPES SET textID=n WHERE OPERID='958';
END IF;
    multi_lang_txt(n,'DEFAULT','cs',UTL_RAW.Cast_To_Varchar2(HexToRaw('506F647069736F76C3A920726F6C65')));
    multi_lang_txt(n,'DEFAULT','sk',UTL_RAW.Cast_To_Varchar2(HexToRaw('506F647069736F76C3A920726F6C65')));
    multi_lang_txt(n,'DEFAULT','en',UTL_RAW.Cast_To_Varchar2(HexToRaw('5369676E617475726520726F6C6573')));
END;
/
DECLARE n Number;
BEGIN
BEGIN
    INSERT INTO OPERATIONTYPES (OPERID,STATUSID,OPERTYPECODE,GROUPID,GROUPORDER,ACCOUNTSENSITIVE,CERTIFREQ,SIGNRULESREQ,AUTHORREQ,MAKESDEBIT,AVAILABLEFORCLIENT,AVAILABLEFOROPERATOR,USEDFORCLIENTADMINISTRATION)
    VALUES ('959','1','A_USERS','120','11','0','0','0','1','0','0','1','0');
EXCEPTION WHEN DUP_VAL_ON_INDEX THEN
    UPDATE OPERATIONTYPES SET STATUSID='1',OPERTYPECODE='A_USERS',GROUPID='120',GROUPORDER='11',ACCOUNTSENSITIVE='0',CERTIFREQ='0',SIGNRULESREQ='0',AUTHORREQ='1',MAKESDEBIT='0',AVAILABLEFORCLIENT='0',AVAILABLEFOROPERATOR='1',USEDFORCLIENTADMINISTRATION='0' WHERE OPERID='959';
END;SELECT DISTINCT B.textID INTO n FROM OPERATIONTYPES A, (SELECT textID FROM TEXTS) B WHERE A.textID=B.textID(+) and OPERID='959';
IF n IS NULL THEN
    n:=getnexttextid('');
    UPDATE OPERATIONTYPES SET textID=n WHERE OPERID='959';
END IF;
    multi_lang_txt(n,'DEFAULT','cs',UTL_RAW.Cast_To_Varchar2(HexToRaw('55C5BE69766174656CC3A9')));
    multi_lang_txt(n,'DEFAULT','sk',UTL_RAW.Cast_To_Varchar2(HexToRaw('506F75C5BEC3AD766174656C6961')));
    multi_lang_txt(n,'DEFAULT','en',UTL_RAW.Cast_To_Varchar2(HexToRaw('436C69656E74207573657273')));
END;
/
DECLARE n Number;
BEGIN
BEGIN
    INSERT INTO OPERATIONTYPES (OPERID,STATUSID,OPERTYPECODE,GROUPID,GROUPORDER,ACCOUNTSENSITIVE,CERTIFREQ,SIGNRULESREQ,AUTHORREQ,MAKESDEBIT,AVAILABLEFORCLIENT,AVAILABLEFOROPERATOR,USEDFORCLIENTADMINISTRATION)
    VALUES ('960','1','A_U_CHANLS','120','12','0','0','0','1','0','0','1','0');
EXCEPTION WHEN DUP_VAL_ON_INDEX THEN
    UPDATE OPERATIONTYPES SET STATUSID='1',OPERTYPECODE='A_U_CHANLS',GROUPID='120',GROUPORDER='12',ACCOUNTSENSITIVE='0',CERTIFREQ='0',SIGNRULESREQ='0',AUTHORREQ='1',MAKESDEBIT='0',AVAILABLEFORCLIENT='0',AVAILABLEFOROPERATOR='1',USEDFORCLIENTADMINISTRATION='0' WHERE OPERID='960';
END;SELECT DISTINCT B.textID INTO n FROM OPERATIONTYPES A, (SELECT textID FROM TEXTS) B WHERE A.textID=B.textID(+) and OPERID='960';
IF n IS NULL THEN
    n:=getnexttextid('');
    UPDATE OPERATIONTYPES SET textID=n WHERE OPERID='960';
END IF;
    multi_lang_txt(n,'DEFAULT','cs',UTL_RAW.Cast_To_Varchar2(HexToRaw('50C599C3AD737475707920646F206B616EC3A16C752075C5BE69766174656C65')));
    multi_lang_txt(n,'DEFAULT','sk',UTL_RAW.Cast_To_Varchar2(HexToRaw('5072C3AD737475707920646F206B616EC3A16C6120706F75C5BEC3AD76617465C4BE61')));
    multi_lang_txt(n,'DEFAULT','en',UTL_RAW.Cast_To_Varchar2(HexToRaw('557365722061636365737320746F206368616E6E656C73')));
END;
/
DECLARE n Number;
BEGIN
BEGIN
    INSERT INTO OPERATIONTYPES (OPERID,STATUSID,OPERTYPECODE,GROUPID,GROUPORDER,ACCOUNTSENSITIVE,CERTIFREQ,SIGNRULESREQ,AUTHORREQ,MAKESDEBIT,AVAILABLEFORCLIENT,AVAILABLEFOROPERATOR,USEDFORCLIENTADMINISTRATION)
    VALUES ('961','1','A_SGNRULES','120','15','0','0','0','1','0','0','1','0');
EXCEPTION WHEN DUP_VAL_ON_INDEX THEN
    UPDATE OPERATIONTYPES SET STATUSID='1',OPERTYPECODE='A_SGNRULES',GROUPID='120',GROUPORDER='15',ACCOUNTSENSITIVE='0',CERTIFREQ='0',SIGNRULESREQ='0',AUTHORREQ='1',MAKESDEBIT='0',AVAILABLEFORCLIENT='0',AVAILABLEFOROPERATOR='1',USEDFORCLIENTADMINISTRATION='0' WHERE OPERID='961';
END;SELECT DISTINCT B.textID INTO n FROM OPERATIONTYPES A, (SELECT textID FROM TEXTS) B WHERE A.textID=B.textID(+) and OPERID='961';
IF n IS NULL THEN
    n:=getnexttextid('');
    UPDATE OPERATIONTYPES SET textID=n WHERE OPERID='961';
END IF;
    multi_lang_txt(n,'DEFAULT','cs',UTL_RAW.Cast_To_Varchar2(HexToRaw('506F647069736F76C3A1207072617669646C61')));
    multi_lang_txt(n,'DEFAULT','sk',UTL_RAW.Cast_To_Varchar2(HexToRaw('506F647069736F76C3A1207072617669646CC3A1')));
    multi_lang_txt(n,'DEFAULT','en',UTL_RAW.Cast_To_Varchar2(HexToRaw('5369676E61747572652072756C6573')));
END;
/
DECLARE n Number;
BEGIN
BEGIN
    INSERT INTO OPERATIONTYPES (OPERID,STATUSID,OPERTYPECODE,GROUPID,GROUPORDER,ACCOUNTSENSITIVE,CERTIFREQ,SIGNRULESREQ,AUTHORREQ,MAKESDEBIT,AVAILABLEFORCLIENT,AVAILABLEFOROPERATOR,USEDFORCLIENTADMINISTRATION)
    VALUES ('962','1','A_CONTRCTS','120','16','0','0','0','1','0','0','1','0');
EXCEPTION WHEN DUP_VAL_ON_INDEX THEN
    UPDATE OPERATIONTYPES SET STATUSID='1',OPERTYPECODE='A_CONTRCTS',GROUPID='120',GROUPORDER='16',ACCOUNTSENSITIVE='0',CERTIFREQ='0',SIGNRULESREQ='0',AUTHORREQ='1',MAKESDEBIT='0',AVAILABLEFORCLIENT='0',AVAILABLEFOROPERATOR='1',USEDFORCLIENTADMINISTRATION='0' WHERE OPERID='962';
END;SELECT DISTINCT B.textID INTO n FROM OPERATIONTYPES A, (SELECT textID FROM TEXTS) B WHERE A.textID=B.textID(+) and OPERID='962';
IF n IS NULL THEN
    n:=getnexttextid('');
    UPDATE OPERATIONTYPES SET textID=n WHERE OPERID='962';
END IF;
    multi_lang_txt(n,'DEFAULT','cs',UTL_RAW.Cast_To_Varchar2(HexToRaw('5469736B20536D6C757620612050C599C3AD6C6F68')));
    multi_lang_txt(n,'DEFAULT','sk',UTL_RAW.Cast_To_Varchar2(HexToRaw('546C61C48D205A6D6CC3BA762061205072C3AD6C6F68')));
    multi_lang_txt(n,'DEFAULT','en',UTL_RAW.Cast_To_Varchar2(HexToRaw('436F6E74726163747320776974682074686520636C69656E74')));
END;
/
DECLARE n Number;
BEGIN
BEGIN
    INSERT INTO OPERATIONTYPES (OPERID,STATUSID,OPERTYPECODE,GROUPID,GROUPORDER,ACCOUNTSENSITIVE,CERTIFREQ,SIGNRULESREQ,AUTHORREQ,MAKESDEBIT,AVAILABLEFORCLIENT,AVAILABLEFOROPERATOR,USEDFORCLIENTADMINISTRATION)
    VALUES ('964','1','A_DEBCARDS','120','19','0','0','0','1','0','0','1','0');
EXCEPTION WHEN DUP_VAL_ON_INDEX THEN
    UPDATE OPERATIONTYPES SET STATUSID='1',OPERTYPECODE='A_DEBCARDS',GROUPID='120',GROUPORDER='19',ACCOUNTSENSITIVE='0',CERTIFREQ='0',SIGNRULESREQ='0',AUTHORREQ='1',MAKESDEBIT='0',AVAILABLEFORCLIENT='0',AVAILABLEFOROPERATOR='1',USEDFORCLIENTADMINISTRATION='0' WHERE OPERID='964';
END;SELECT DISTINCT B.textID INTO n FROM OPERATIONTYPES A, (SELECT textID FROM TEXTS) B WHERE A.textID=B.textID(+) and OPERID='964';
IF n IS NULL THEN
    n:=getnexttextid('');
    UPDATE OPERATIONTYPES SET textID=n WHERE OPERID='964';
END IF;
    multi_lang_txt(n,'DEFAULT','cs',UTL_RAW.Cast_To_Varchar2(HexToRaw('44656265746EC3AD206B61727479')));
    multi_lang_txt(n,'DEFAULT','sk',UTL_RAW.Cast_To_Varchar2(HexToRaw('44656265746EC3A9206B61727479')));
    multi_lang_txt(n,'DEFAULT','en',UTL_RAW.Cast_To_Varchar2(HexToRaw('4465626974206361726473')));
END;
/
DECLARE n Number;
BEGIN
BEGIN
    INSERT INTO OPERATIONTYPES (OPERID,STATUSID,OPERTYPECODE,GROUPID,GROUPORDER,ACCOUNTSENSITIVE,CERTIFREQ,SIGNRULESREQ,AUTHORREQ,MAKESDEBIT,AVAILABLEFORCLIENT,AVAILABLEFOROPERATOR,USEDFORCLIENTADMINISTRATION)
    VALUES ('968','1','A_U_SGROLS','120','13','0','0','0','1','0','0','1','0');
EXCEPTION WHEN DUP_VAL_ON_INDEX THEN
    UPDATE OPERATIONTYPES SET STATUSID='1',OPERTYPECODE='A_U_SGROLS',GROUPID='120',GROUPORDER='13',ACCOUNTSENSITIVE='0',CERTIFREQ='0',SIGNRULESREQ='0',AUTHORREQ='1',MAKESDEBIT='0',AVAILABLEFORCLIENT='0',AVAILABLEFOROPERATOR='1',USEDFORCLIENTADMINISTRATION='0' WHERE OPERID='968';
END;SELECT DISTINCT B.textID INTO n FROM OPERATIONTYPES A, (SELECT textID FROM TEXTS) B WHERE A.textID=B.textID(+) and OPERID='968';
IF n IS NULL THEN
    n:=getnexttextid('');
    UPDATE OPERATIONTYPES SET textID=n WHERE OPERID='968';
END IF;
    multi_lang_txt(n,'DEFAULT','cs',UTL_RAW.Cast_To_Varchar2(HexToRaw('50C59969C599617A656EC3AD20706F647069736F76C3A920726F6C65')));
    multi_lang_txt(n,'DEFAULT','sk',UTL_RAW.Cast_To_Varchar2(HexToRaw('507269726164656E696520706F647069736F76656A20726F6C65')));
    multi_lang_txt(n,'DEFAULT','en',UTL_RAW.Cast_To_Varchar2(HexToRaw('55736572207369676E20726F6C65')));
END;
/
PROMPT /* ------------ CATALOG DEFINITION OPERATIONTYPECHANNELS ------------ */
DECLARE n Number;
BEGIN
BEGIN
  INSERT INTO CATALOG(CODE,TIMEBASED,PRIMARYKEYATTRIBUTENAMES,ORDERBYATTRIBUTENAMES,COMMONTABLEUSED,EDITABILITYMODE,ENTITYVERSIONATTRIBUTENAME)
  VALUES ('OPERATIONTYPECHANNELS',0,'OPERID,CHANNELID','OperId,ChannelId',0,'N',null);
EXCEPTION WHEN DUP_VAL_ON_INDEX THEN
  UPDATE CATALOG SET TIMEBASED=0,PRIMARYKEYATTRIBUTENAMES='OPERID,CHANNELID',ORDERBYATTRIBUTENAMES='OperId,ChannelId',
    COMMONTABLEUSED=0,EDITABILITYMODE='N',ENTITYVERSIONATTRIBUTENAME=null
  WHERE CODE='OPERATIONTYPECHANNELS';
END;
  SELECT DISTINCT B.textID INTO n FROM CATALOG A, (SELECT textID FROM TEXTS) B WHERE A.textID=B.textID(+) and CODE='OPERATIONTYPECHANNELS';
  IF n IS NULL THEN
    n:=getnexttextid('');
    UPDATE CATALOG SET textID=n WHERE CODE='OPERATIONTYPECHANNELS';
  end if;
  multi_lang_txt(n,'DEFAULT','en',UTL_RAW.Cast_To_Varchar2(HexToRaw('4F7065726174696F6E20547970657320696E204368616E6E656C73')));
END;
/
PROMPT /* ------------ CATALOG CLEANUP DELETE ------------ */
DELETE FROM OPERATIONTYPECHANNELS;

PROMPT /* ------------ CATALOG VALUES ------------ */
PROMPT /* ------------ CATALOG DEFINITION RIGHTPROFILETYPES ------------ */
DECLARE n Number;
BEGIN
BEGIN
  INSERT INTO CATALOG(CODE,TIMEBASED,PRIMARYKEYATTRIBUTENAMES,ORDERBYATTRIBUTENAMES,COMMONTABLEUSED,EDITABILITYMODE,ENTITYVERSIONATTRIBUTENAME)
  VALUES ('RIGHTPROFILETYPES',0,'RIGHTPROFILETYPEID','RightProfileTypeId',0,'N',null);
EXCEPTION WHEN DUP_VAL_ON_INDEX THEN
  UPDATE CATALOG SET TIMEBASED=0,PRIMARYKEYATTRIBUTENAMES='RIGHTPROFILETYPEID',ORDERBYATTRIBUTENAMES='RightProfileTypeId',
    COMMONTABLEUSED=0,EDITABILITYMODE='N',ENTITYVERSIONATTRIBUTENAME=null
  WHERE CODE='RIGHTPROFILETYPES';
END;
  SELECT DISTINCT B.textID INTO n FROM CATALOG A, (SELECT textID FROM TEXTS) B WHERE A.textID=B.textID(+) and CODE='RIGHTPROFILETYPES';
  IF n IS NULL THEN
    n:=getnexttextid('');
    UPDATE CATALOG SET textID=n WHERE CODE='RIGHTPROFILETYPES';
  end if;
  multi_lang_txt(n,'DEFAULT','en',UTL_RAW.Cast_To_Varchar2(HexToRaw('52696768742050726F66696C65205479706573')));
END;
/
PROMPT /* ------------ CATALOG CLEANUP DELETE ------------ */
DELETE FROM RIGHTPROFILETYPES;

PROMPT /* ------------ CATALOG VALUES ------------ */
DECLARE n Number;
BEGIN
BEGIN
    INSERT INTO RIGHTPROFILETYPES (RIGHTPROFILETYPEID,STATUSID,CONTAINSRIGHTS,CONTAINSCLIENTCATEGORIES,CONTAINSMESSAGECATEGORIES,CONTAINSBEHAVIOURS)
    VALUES ('1','0','1','0','0','0');
EXCEPTION WHEN DUP_VAL_ON_INDEX THEN
    UPDATE RIGHTPROFILETYPES SET STATUSID='0',CONTAINSRIGHTS='1',CONTAINSCLIENTCATEGORIES='0',CONTAINSMESSAGECATEGORIES='0',CONTAINSBEHAVIOURS='0' WHERE RIGHTPROFILETYPEID='1';
END;SELECT DISTINCT B.textID INTO n FROM RIGHTPROFILETYPES A, (SELECT textID FROM TEXTS) B WHERE A.textID=B.textID(+) and RIGHTPROFILETYPEID='1';
IF n IS NULL THEN
    n:=getnexttextid('');
    UPDATE RIGHTPROFILETYPES SET textID=n WHERE RIGHTPROFILETYPEID='1';
END IF;
    multi_lang_txt(n,'DEFAULT','cs',UTL_RAW.Cast_To_Varchar2(HexToRaw('526F6C652073207072C3A17679')));
    multi_lang_txt(n,'DEFAULT','en',UTL_RAW.Cast_To_Varchar2(HexToRaw('526F6C65207769746820726967687473')));
END;
/
DECLARE n Number;
BEGIN
BEGIN
    INSERT INTO RIGHTPROFILETYPES (RIGHTPROFILETYPEID,STATUSID,CONTAINSRIGHTS,CONTAINSCLIENTCATEGORIES,CONTAINSMESSAGECATEGORIES,CONTAINSBEHAVIOURS)
    VALUES ('2','0','0','1','0','0');
EXCEPTION WHEN DUP_VAL_ON_INDEX THEN
    UPDATE RIGHTPROFILETYPES SET STATUSID='0',CONTAINSRIGHTS='0',CONTAINSCLIENTCATEGORIES='1',CONTAINSMESSAGECATEGORIES='0',CONTAINSBEHAVIOURS='0' WHERE RIGHTPROFILETYPEID='2';
END;SELECT DISTINCT B.textID INTO n FROM RIGHTPROFILETYPES A, (SELECT textID FROM TEXTS) B WHERE A.textID=B.textID(+) and RIGHTPROFILETYPEID='2';
IF n IS NULL THEN
    n:=getnexttextid('');
    UPDATE RIGHTPROFILETYPES SET textID=n WHERE RIGHTPROFILETYPEID='2';
END IF;
    multi_lang_txt(n,'DEFAULT','cs',UTL_RAW.Cast_To_Varchar2(HexToRaw('526F6C652073206B617465676F7269656D69206B6C69656E74C5AF')));
    multi_lang_txt(n,'DEFAULT','en',UTL_RAW.Cast_To_Varchar2(HexToRaw('526F6C65207769746820636C69656E742063617465676F72696573')));
END;
/
DECLARE n Number;
BEGIN
BEGIN
    INSERT INTO RIGHTPROFILETYPES (RIGHTPROFILETYPEID,STATUSID,CONTAINSRIGHTS,CONTAINSCLIENTCATEGORIES,CONTAINSMESSAGECATEGORIES,CONTAINSBEHAVIOURS)
    VALUES ('3','1','1','1','0','0');
EXCEPTION WHEN DUP_VAL_ON_INDEX THEN
    UPDATE RIGHTPROFILETYPES SET STATUSID='1',CONTAINSRIGHTS='1',CONTAINSCLIENTCATEGORIES='1',CONTAINSMESSAGECATEGORIES='0',CONTAINSBEHAVIOURS='0' WHERE RIGHTPROFILETYPEID='3';
END;SELECT DISTINCT B.textID INTO n FROM RIGHTPROFILETYPES A, (SELECT textID FROM TEXTS) B WHERE A.textID=B.textID(+) and RIGHTPROFILETYPEID='3';
IF n IS NULL THEN
    n:=getnexttextid('');
    UPDATE RIGHTPROFILETYPES SET textID=n WHERE RIGHTPROFILETYPEID='3';
END IF;
    multi_lang_txt(n,'DEFAULT','cs',UTL_RAW.Cast_To_Varchar2(HexToRaw('526F6C652073207072C3A1767920706C61746EC3BD6D692070726F20646566696E6F76616EC3A9206B617465676F726965206B6C69656E74C5AF')));
    multi_lang_txt(n,'DEFAULT','en',UTL_RAW.Cast_To_Varchar2(HexToRaw('526F6C652077697468207269676874732076616C696420666F7220646566696E656420636C69656E742063617465676F72696573')));
END;
/
DECLARE n Number;
BEGIN
BEGIN
    INSERT INTO RIGHTPROFILETYPES (RIGHTPROFILETYPEID,STATUSID,CONTAINSRIGHTS,CONTAINSCLIENTCATEGORIES,CONTAINSMESSAGECATEGORIES,CONTAINSBEHAVIOURS)
    VALUES ('4','1','0','0','1','0');
EXCEPTION WHEN DUP_VAL_ON_INDEX THEN
    UPDATE RIGHTPROFILETYPES SET STATUSID='1',CONTAINSRIGHTS='0',CONTAINSCLIENTCATEGORIES='0',CONTAINSMESSAGECATEGORIES='1',CONTAINSBEHAVIOURS='0' WHERE RIGHTPROFILETYPEID='4';
END;SELECT DISTINCT B.textID INTO n FROM RIGHTPROFILETYPES A, (SELECT textID FROM TEXTS) B WHERE A.textID=B.textID(+) and RIGHTPROFILETYPEID='4';
IF n IS NULL THEN
    n:=getnexttextid('');
    UPDATE RIGHTPROFILETYPES SET textID=n WHERE RIGHTPROFILETYPEID='4';
END IF;
    multi_lang_txt(n,'DEFAULT','cs',UTL_RAW.Cast_To_Varchar2(HexToRaw('526F6C652073206B617465676F7269656D69207A7072C3A176')));
    multi_lang_txt(n,'DEFAULT','en',UTL_RAW.Cast_To_Varchar2(HexToRaw('526F6C652077697468206D6573736167652063617465676F72696573')));
END;
/
DECLARE n Number;
BEGIN
BEGIN
    INSERT INTO RIGHTPROFILETYPES (RIGHTPROFILETYPEID,STATUSID,CONTAINSRIGHTS,CONTAINSCLIENTCATEGORIES,CONTAINSMESSAGECATEGORIES,CONTAINSBEHAVIOURS)
    VALUES ('5','0','1','0','1','0');
EXCEPTION WHEN DUP_VAL_ON_INDEX THEN
    UPDATE RIGHTPROFILETYPES SET STATUSID='0',CONTAINSRIGHTS='1',CONTAINSCLIENTCATEGORIES='0',CONTAINSMESSAGECATEGORIES='1',CONTAINSBEHAVIOURS='0' WHERE RIGHTPROFILETYPEID='5';
END;SELECT DISTINCT B.textID INTO n FROM RIGHTPROFILETYPES A, (SELECT textID FROM TEXTS) B WHERE A.textID=B.textID(+) and RIGHTPROFILETYPEID='5';
IF n IS NULL THEN
    n:=getnexttextid('');
    UPDATE RIGHTPROFILETYPES SET textID=n WHERE RIGHTPROFILETYPEID='5';
END IF;
    multi_lang_txt(n,'DEFAULT','cs',UTL_RAW.Cast_To_Varchar2(HexToRaw('526F6C652073207072C3A1767920706C61746EC3BD6D692070726F20646566696E6F76616EC3A9206B617465676F726965207A7072C3A176')));
    multi_lang_txt(n,'DEFAULT','en',UTL_RAW.Cast_To_Varchar2(HexToRaw('526F6C652077697468207269676874732076616C696420666F7220646566696E6564206D6573736167652063617465676F72696573')));
END;
/
DECLARE n Number;
BEGIN
BEGIN
    INSERT INTO RIGHTPROFILETYPES (RIGHTPROFILETYPEID,STATUSID,CONTAINSRIGHTS,CONTAINSCLIENTCATEGORIES,CONTAINSMESSAGECATEGORIES,CONTAINSBEHAVIOURS)
    VALUES ('8','1','0','0','0','1');
EXCEPTION WHEN DUP_VAL_ON_INDEX THEN
    UPDATE RIGHTPROFILETYPES SET STATUSID='1',CONTAINSRIGHTS='0',CONTAINSCLIENTCATEGORIES='0',CONTAINSMESSAGECATEGORIES='0',CONTAINSBEHAVIOURS='1' WHERE RIGHTPROFILETYPEID='8';
END;SELECT DISTINCT B.textID INTO n FROM RIGHTPROFILETYPES A, (SELECT textID FROM TEXTS) B WHERE A.textID=B.textID(+) and RIGHTPROFILETYPEID='8';
IF n IS NULL THEN
    n:=getnexttextid('');
    UPDATE RIGHTPROFILETYPES SET textID=n WHERE RIGHTPROFILETYPEID='8';
END IF;
    multi_lang_txt(n,'DEFAULT','cs',UTL_RAW.Cast_To_Varchar2(HexToRaw('526F6C6520732063686F76C3A16EC3AD6D69')));
    multi_lang_txt(n,'DEFAULT','en',UTL_RAW.Cast_To_Varchar2(HexToRaw('526F6C652077697468206265686176696F757273')));
END;
/
PROMPT /* ------------ CATALOG DEFINITION RIGHTTYPES ------------ */
DECLARE n Number;
BEGIN
BEGIN
  INSERT INTO CATALOG(CODE,TIMEBASED,PRIMARYKEYATTRIBUTENAMES,ORDERBYATTRIBUTENAMES,COMMONTABLEUSED,EDITABILITYMODE,ENTITYVERSIONATTRIBUTENAME)
  VALUES ('RIGHTTYPES',0,'RIGHTID','RightId',0,'N',null);
EXCEPTION WHEN DUP_VAL_ON_INDEX THEN
  UPDATE CATALOG SET TIMEBASED=0,PRIMARYKEYATTRIBUTENAMES='RIGHTID',ORDERBYATTRIBUTENAMES='RightId',
    COMMONTABLEUSED=0,EDITABILITYMODE='N',ENTITYVERSIONATTRIBUTENAME=null
  WHERE CODE='RIGHTTYPES';
END;
  SELECT DISTINCT B.textID INTO n FROM CATALOG A, (SELECT textID FROM TEXTS) B WHERE A.textID=B.textID(+) and CODE='RIGHTTYPES';
  IF n IS NULL THEN
    n:=getnexttextid('');
    UPDATE CATALOG SET textID=n WHERE CODE='RIGHTTYPES';
  end if;
  multi_lang_txt(n,'DEFAULT','en',UTL_RAW.Cast_To_Varchar2(HexToRaw('5269676874205479706573')));
END;
/
PROMPT /* ------------ CATALOG CLEANUP DELETE ------------ */
DELETE FROM RIGHTTYPES;

PROMPT /* ------------ CATALOG VALUES ------------ */
DECLARE n Number;
BEGIN
BEGIN
    INSERT INTO RIGHTTYPES (RIGHTID,CHANNELID,OPERID,ACCESSTYPEID)
    VALUES ('200070001','7','200','1');
EXCEPTION WHEN DUP_VAL_ON_INDEX THEN
    UPDATE RIGHTTYPES SET CHANNELID='7',OPERID='200',ACCESSTYPEID='1' WHERE RIGHTID='200070001';
END;END;
/
DECLARE n Number;
BEGIN
BEGIN
    INSERT INTO RIGHTTYPES (RIGHTID,CHANNELID,OPERID,ACCESSTYPEID)
    VALUES ('204070001','7','204','1');
EXCEPTION WHEN DUP_VAL_ON_INDEX THEN
    UPDATE RIGHTTYPES SET CHANNELID='7',OPERID='204',ACCESSTYPEID='1' WHERE RIGHTID='204070001';
END;END;
/
DECLARE n Number;
BEGIN
BEGIN
    INSERT INTO RIGHTTYPES (RIGHTID,CHANNELID,OPERID,ACCESSTYPEID)
    VALUES ('6110001','11','6','1');
EXCEPTION WHEN DUP_VAL_ON_INDEX THEN
    UPDATE RIGHTTYPES SET CHANNELID='11',OPERID='6',ACCESSTYPEID='1' WHERE RIGHTID='6110001';
END;END;
/
DECLARE n Number;
BEGIN
BEGIN
    INSERT INTO RIGHTTYPES (RIGHTID,CHANNELID,OPERID,ACCESSTYPEID)
    VALUES ('6110002','11','6','2');
EXCEPTION WHEN DUP_VAL_ON_INDEX THEN
    UPDATE RIGHTTYPES SET CHANNELID='11',OPERID='6',ACCESSTYPEID='2' WHERE RIGHTID='6110002';
END;END;
/
DECLARE n Number;
BEGIN
BEGIN
    INSERT INTO RIGHTTYPES (RIGHTID,CHANNELID,OPERID,ACCESSTYPEID)
    VALUES ('8110001','11','8','1');
EXCEPTION WHEN DUP_VAL_ON_INDEX THEN
    UPDATE RIGHTTYPES SET CHANNELID='11',OPERID='8',ACCESSTYPEID='1' WHERE RIGHTID='8110001';
END;END;
/
DECLARE n Number;
BEGIN
BEGIN
    INSERT INTO RIGHTTYPES (RIGHTID,CHANNELID,OPERID,ACCESSTYPEID)
    VALUES ('8110002','11','8','2');
EXCEPTION WHEN DUP_VAL_ON_INDEX THEN
    UPDATE RIGHTTYPES SET CHANNELID='11',OPERID='8',ACCESSTYPEID='2' WHERE RIGHTID='8110002';
END;END;
/
DECLARE n Number;
BEGIN
BEGIN
    INSERT INTO RIGHTTYPES (RIGHTID,CHANNELID,OPERID,ACCESSTYPEID)
    VALUES ('8110003','11','8','4');
EXCEPTION WHEN DUP_VAL_ON_INDEX THEN
    UPDATE RIGHTTYPES SET CHANNELID='11',OPERID='8',ACCESSTYPEID='4' WHERE RIGHTID='8110003';
END;END;
/
DECLARE n Number;
BEGIN
BEGIN
    INSERT INTO RIGHTTYPES (RIGHTID,CHANNELID,OPERID,ACCESSTYPEID)
    VALUES ('8110004','11','8','8');
EXCEPTION WHEN DUP_VAL_ON_INDEX THEN
    UPDATE RIGHTTYPES SET CHANNELID='11',OPERID='8',ACCESSTYPEID='8' WHERE RIGHTID='8110004';
END;END;
/
DECLARE n Number;
BEGIN
BEGIN
    INSERT INTO RIGHTTYPES (RIGHTID,CHANNELID,OPERID,ACCESSTYPEID)
    VALUES ('8110005','11','8','512');
EXCEPTION WHEN DUP_VAL_ON_INDEX THEN
    UPDATE RIGHTTYPES SET CHANNELID='11',OPERID='8',ACCESSTYPEID='512' WHERE RIGHTID='8110005';
END;END;
/
DECLARE n Number;
BEGIN
BEGIN
    INSERT INTO RIGHTTYPES (RIGHTID,CHANNELID,OPERID,ACCESSTYPEID)
    VALUES ('30110001','11','30','1');
EXCEPTION WHEN DUP_VAL_ON_INDEX THEN
    UPDATE RIGHTTYPES SET CHANNELID='11',OPERID='30',ACCESSTYPEID='1' WHERE RIGHTID='30110001';
END;END;
/
DECLARE n Number;
BEGIN
BEGIN
    INSERT INTO RIGHTTYPES (RIGHTID,CHANNELID,OPERID,ACCESSTYPEID)
    VALUES ('30110002','11','30','2');
EXCEPTION WHEN DUP_VAL_ON_INDEX THEN
    UPDATE RIGHTTYPES SET CHANNELID='11',OPERID='30',ACCESSTYPEID='2' WHERE RIGHTID='30110002';
END;END;
/
DECLARE n Number;
BEGIN
BEGIN
    INSERT INTO RIGHTTYPES (RIGHTID,CHANNELID,OPERID,ACCESSTYPEID)
    VALUES ('30110003','11','30','4');
EXCEPTION WHEN DUP_VAL_ON_INDEX THEN
    UPDATE RIGHTTYPES SET CHANNELID='11',OPERID='30',ACCESSTYPEID='4' WHERE RIGHTID='30110003';
END;END;
/
DECLARE n Number;
BEGIN
BEGIN
    INSERT INTO RIGHTTYPES (RIGHTID,CHANNELID,OPERID,ACCESSTYPEID)
    VALUES ('30110004','11','30','8');
EXCEPTION WHEN DUP_VAL_ON_INDEX THEN
    UPDATE RIGHTTYPES SET CHANNELID='11',OPERID='30',ACCESSTYPEID='8' WHERE RIGHTID='30110004';
END;END;
/
DECLARE n Number;
BEGIN
BEGIN
    INSERT INTO RIGHTTYPES (RIGHTID,CHANNELID,OPERID,ACCESSTYPEID)
    VALUES ('92110001','11','92','1');
EXCEPTION WHEN DUP_VAL_ON_INDEX THEN
    UPDATE RIGHTTYPES SET CHANNELID='11',OPERID='92',ACCESSTYPEID='1' WHERE RIGHTID='92110001';
END;END;
/
DECLARE n Number;
BEGIN
BEGIN
    INSERT INTO RIGHTTYPES (RIGHTID,CHANNELID,OPERID,ACCESSTYPEID)
    VALUES ('92110002','11','92','2');
EXCEPTION WHEN DUP_VAL_ON_INDEX THEN
    UPDATE RIGHTTYPES SET CHANNELID='11',OPERID='92',ACCESSTYPEID='2' WHERE RIGHTID='92110002';
END;END;
/
DECLARE n Number;
BEGIN
BEGIN
    INSERT INTO RIGHTTYPES (RIGHTID,CHANNELID,OPERID,ACCESSTYPEID)
    VALUES ('93110001','11','93','1');
EXCEPTION WHEN DUP_VAL_ON_INDEX THEN
    UPDATE RIGHTTYPES SET CHANNELID='11',OPERID='93',ACCESSTYPEID='1' WHERE RIGHTID='93110001';
END;END;
/
DECLARE n Number;
BEGIN
BEGIN
    INSERT INTO RIGHTTYPES (RIGHTID,CHANNELID,OPERID,ACCESSTYPEID)
    VALUES ('93110002','11','93','2');
EXCEPTION WHEN DUP_VAL_ON_INDEX THEN
    UPDATE RIGHTTYPES SET CHANNELID='11',OPERID='93',ACCESSTYPEID='2' WHERE RIGHTID='93110002';
END;END;
/
DECLARE n Number;
BEGIN
BEGIN
    INSERT INTO RIGHTTYPES (RIGHTID,CHANNELID,OPERID,ACCESSTYPEID)
    VALUES ('93110003','11','93','4');
EXCEPTION WHEN DUP_VAL_ON_INDEX THEN
    UPDATE RIGHTTYPES SET CHANNELID='11',OPERID='93',ACCESSTYPEID='4' WHERE RIGHTID='93110003';
END;END;
/
DECLARE n Number;
BEGIN
BEGIN
    INSERT INTO RIGHTTYPES (RIGHTID,CHANNELID,OPERID,ACCESSTYPEID)
    VALUES ('93110004','11','93','8');
EXCEPTION WHEN DUP_VAL_ON_INDEX THEN
    UPDATE RIGHTTYPES SET CHANNELID='11',OPERID='93',ACCESSTYPEID='8' WHERE RIGHTID='93110004';
END;END;
/
DECLARE n Number;
BEGIN
BEGIN
    INSERT INTO RIGHTTYPES (RIGHTID,CHANNELID,OPERID,ACCESSTYPEID)
    VALUES ('94110001','11','94','1');
EXCEPTION WHEN DUP_VAL_ON_INDEX THEN
    UPDATE RIGHTTYPES SET CHANNELID='11',OPERID='94',ACCESSTYPEID='1' WHERE RIGHTID='94110001';
END;END;
/
DECLARE n Number;
BEGIN
BEGIN
    INSERT INTO RIGHTTYPES (RIGHTID,CHANNELID,OPERID,ACCESSTYPEID)
    VALUES ('94110002','11','94','2');
EXCEPTION WHEN DUP_VAL_ON_INDEX THEN
    UPDATE RIGHTTYPES SET CHANNELID='11',OPERID='94',ACCESSTYPEID='2' WHERE RIGHTID='94110002';
END;END;
/
DECLARE n Number;
BEGIN
BEGIN
    INSERT INTO RIGHTTYPES (RIGHTID,CHANNELID,OPERID,ACCESSTYPEID)
    VALUES ('292110001','11','292','1');
EXCEPTION WHEN DUP_VAL_ON_INDEX THEN
    UPDATE RIGHTTYPES SET CHANNELID='11',OPERID='292',ACCESSTYPEID='1' WHERE RIGHTID='292110001';
END;END;
/
DECLARE n Number;
BEGIN
BEGIN
    INSERT INTO RIGHTTYPES (RIGHTID,CHANNELID,OPERID,ACCESSTYPEID)
    VALUES ('293110001','11','293','1');
EXCEPTION WHEN DUP_VAL_ON_INDEX THEN
    UPDATE RIGHTTYPES SET CHANNELID='11',OPERID='293',ACCESSTYPEID='1' WHERE RIGHTID='293110001';
END;END;
/
DECLARE n Number;
BEGIN
BEGIN
    INSERT INTO RIGHTTYPES (RIGHTID,CHANNELID,OPERID,ACCESSTYPEID)
    VALUES ('293110002','11','293','2');
EXCEPTION WHEN DUP_VAL_ON_INDEX THEN
    UPDATE RIGHTTYPES SET CHANNELID='11',OPERID='293',ACCESSTYPEID='2' WHERE RIGHTID='293110002';
END;END;
/
DECLARE n Number;
BEGIN
BEGIN
    INSERT INTO RIGHTTYPES (RIGHTID,CHANNELID,OPERID,ACCESSTYPEID)
    VALUES ('293110003','11','293','4');
EXCEPTION WHEN DUP_VAL_ON_INDEX THEN
    UPDATE RIGHTTYPES SET CHANNELID='11',OPERID='293',ACCESSTYPEID='4' WHERE RIGHTID='293110003';
END;END;
/
DECLARE n Number;
BEGIN
BEGIN
    INSERT INTO RIGHTTYPES (RIGHTID,CHANNELID,OPERID,ACCESSTYPEID)
    VALUES ('293110004','11','293','8');
EXCEPTION WHEN DUP_VAL_ON_INDEX THEN
    UPDATE RIGHTTYPES SET CHANNELID='11',OPERID='293',ACCESSTYPEID='8' WHERE RIGHTID='293110004';
END;END;
/
DECLARE n Number;
BEGIN
BEGIN
    INSERT INTO RIGHTTYPES (RIGHTID,CHANNELID,OPERID,ACCESSTYPEID)
    VALUES ('293110005','11','293','512');
EXCEPTION WHEN DUP_VAL_ON_INDEX THEN
    UPDATE RIGHTTYPES SET CHANNELID='11',OPERID='293',ACCESSTYPEID='512' WHERE RIGHTID='293110005';
END;END;
/
DECLARE n Number;
BEGIN
BEGIN
    INSERT INTO RIGHTTYPES (RIGHTID,CHANNELID,OPERID,ACCESSTYPEID)
    VALUES ('602110001','11','602','1');
EXCEPTION WHEN DUP_VAL_ON_INDEX THEN
    UPDATE RIGHTTYPES SET CHANNELID='11',OPERID='602',ACCESSTYPEID='1' WHERE RIGHTID='602110001';
END;END;
/
DECLARE n Number;
BEGIN
BEGIN
    INSERT INTO RIGHTTYPES (RIGHTID,CHANNELID,OPERID,ACCESSTYPEID)
    VALUES ('602110002','11','602','4');
EXCEPTION WHEN DUP_VAL_ON_INDEX THEN
    UPDATE RIGHTTYPES SET CHANNELID='11',OPERID='602',ACCESSTYPEID='4' WHERE RIGHTID='602110002';
END;END;
/
DECLARE n Number;
BEGIN
BEGIN
    INSERT INTO RIGHTTYPES (RIGHTID,CHANNELID,OPERID,ACCESSTYPEID)
    VALUES ('602110003','11','602','8');
EXCEPTION WHEN DUP_VAL_ON_INDEX THEN
    UPDATE RIGHTTYPES SET CHANNELID='11',OPERID='602',ACCESSTYPEID='8' WHERE RIGHTID='602110003';
END;END;
/
DECLARE n Number;
BEGIN
BEGIN
    INSERT INTO RIGHTTYPES (RIGHTID,CHANNELID,OPERID,ACCESSTYPEID)
    VALUES ('602110004','11','602','512');
EXCEPTION WHEN DUP_VAL_ON_INDEX THEN
    UPDATE RIGHTTYPES SET CHANNELID='11',OPERID='602',ACCESSTYPEID='512' WHERE RIGHTID='602110004';
END;END;
/
DECLARE n Number;
BEGIN
BEGIN
    INSERT INTO RIGHTTYPES (RIGHTID,CHANNELID,OPERID,ACCESSTYPEID)
    VALUES ('603110001','11','603','1');
EXCEPTION WHEN DUP_VAL_ON_INDEX THEN
    UPDATE RIGHTTYPES SET CHANNELID='11',OPERID='603',ACCESSTYPEID='1' WHERE RIGHTID='603110001';
END;END;
/
DECLARE n Number;
BEGIN
BEGIN
    INSERT INTO RIGHTTYPES (RIGHTID,CHANNELID,OPERID,ACCESSTYPEID)
    VALUES ('603110002','11','603','8');
EXCEPTION WHEN DUP_VAL_ON_INDEX THEN
    UPDATE RIGHTTYPES SET CHANNELID='11',OPERID='603',ACCESSTYPEID='8' WHERE RIGHTID='603110002';
END;END;
/
DECLARE n Number;
BEGIN
BEGIN
    INSERT INTO RIGHTTYPES (RIGHTID,CHANNELID,OPERID,ACCESSTYPEID)
    VALUES ('885110001','11','885','1');
EXCEPTION WHEN DUP_VAL_ON_INDEX THEN
    UPDATE RIGHTTYPES SET CHANNELID='11',OPERID='885',ACCESSTYPEID='1' WHERE RIGHTID='885110001';
END;END;
/
DECLARE n Number;
BEGIN
BEGIN
    INSERT INTO RIGHTTYPES (RIGHTID,CHANNELID,OPERID,ACCESSTYPEID)
    VALUES ('886110001','11','886','1');
EXCEPTION WHEN DUP_VAL_ON_INDEX THEN
    UPDATE RIGHTTYPES SET CHANNELID='11',OPERID='886',ACCESSTYPEID='1' WHERE RIGHTID='886110001';
END;END;
/
DECLARE n Number;
BEGIN
BEGIN
    INSERT INTO RIGHTTYPES (RIGHTID,CHANNELID,OPERID,ACCESSTYPEID)
    VALUES ('951110001','11','951','1');
EXCEPTION WHEN DUP_VAL_ON_INDEX THEN
    UPDATE RIGHTTYPES SET CHANNELID='11',OPERID='951',ACCESSTYPEID='1' WHERE RIGHTID='951110001';
END;END;
/
DECLARE n Number;
BEGIN
BEGIN
    INSERT INTO RIGHTTYPES (RIGHTID,CHANNELID,OPERID,ACCESSTYPEID)
    VALUES ('951110002','11','951','2');
EXCEPTION WHEN DUP_VAL_ON_INDEX THEN
    UPDATE RIGHTTYPES SET CHANNELID='11',OPERID='951',ACCESSTYPEID='2' WHERE RIGHTID='951110002';
END;END;
/
DECLARE n Number;
BEGIN
BEGIN
    INSERT INTO RIGHTTYPES (RIGHTID,CHANNELID,OPERID,ACCESSTYPEID)
    VALUES ('951110003','11','951','4');
EXCEPTION WHEN DUP_VAL_ON_INDEX THEN
    UPDATE RIGHTTYPES SET CHANNELID='11',OPERID='951',ACCESSTYPEID='4' WHERE RIGHTID='951110003';
END;END;
/
DECLARE n Number;
BEGIN
BEGIN
    INSERT INTO RIGHTTYPES (RIGHTID,CHANNELID,OPERID,ACCESSTYPEID)
    VALUES ('951110004','11','951','8');
EXCEPTION WHEN DUP_VAL_ON_INDEX THEN
    UPDATE RIGHTTYPES SET CHANNELID='11',OPERID='951',ACCESSTYPEID='8' WHERE RIGHTID='951110004';
END;END;
/
DECLARE n Number;
BEGIN
BEGIN
    INSERT INTO RIGHTTYPES (RIGHTID,CHANNELID,OPERID,ACCESSTYPEID)
    VALUES ('952110001','11','952','1');
EXCEPTION WHEN DUP_VAL_ON_INDEX THEN
    UPDATE RIGHTTYPES SET CHANNELID='11',OPERID='952',ACCESSTYPEID='1' WHERE RIGHTID='952110001';
END;END;
/
DECLARE n Number;
BEGIN
BEGIN
    INSERT INTO RIGHTTYPES (RIGHTID,CHANNELID,OPERID,ACCESSTYPEID)
    VALUES ('952110002','11','952','2');
EXCEPTION WHEN DUP_VAL_ON_INDEX THEN
    UPDATE RIGHTTYPES SET CHANNELID='11',OPERID='952',ACCESSTYPEID='2' WHERE RIGHTID='952110002';
END;END;
/
DECLARE n Number;
BEGIN
BEGIN
    INSERT INTO RIGHTTYPES (RIGHTID,CHANNELID,OPERID,ACCESSTYPEID)
    VALUES ('952110003','11','952','4');
EXCEPTION WHEN DUP_VAL_ON_INDEX THEN
    UPDATE RIGHTTYPES SET CHANNELID='11',OPERID='952',ACCESSTYPEID='4' WHERE RIGHTID='952110003';
END;END;
/
DECLARE n Number;
BEGIN
BEGIN
    INSERT INTO RIGHTTYPES (RIGHTID,CHANNELID,OPERID,ACCESSTYPEID)
    VALUES ('952110004','11','952','8');
EXCEPTION WHEN DUP_VAL_ON_INDEX THEN
    UPDATE RIGHTTYPES SET CHANNELID='11',OPERID='952',ACCESSTYPEID='8' WHERE RIGHTID='952110004';
END;END;
/
DECLARE n Number;
BEGIN
BEGIN
    INSERT INTO RIGHTTYPES (RIGHTID,CHANNELID,OPERID,ACCESSTYPEID)
    VALUES ('953110001','11','953','1');
EXCEPTION WHEN DUP_VAL_ON_INDEX THEN
    UPDATE RIGHTTYPES SET CHANNELID='11',OPERID='953',ACCESSTYPEID='1' WHERE RIGHTID='953110001';
END;END;
/
DECLARE n Number;
BEGIN
BEGIN
    INSERT INTO RIGHTTYPES (RIGHTID,CHANNELID,OPERID,ACCESSTYPEID)
    VALUES ('953110002','11','953','4');
EXCEPTION WHEN DUP_VAL_ON_INDEX THEN
    UPDATE RIGHTTYPES SET CHANNELID='11',OPERID='953',ACCESSTYPEID='4' WHERE RIGHTID='953110002';
END;END;
/
DECLARE n Number;
BEGIN
BEGIN
    INSERT INTO RIGHTTYPES (RIGHTID,CHANNELID,OPERID,ACCESSTYPEID)
    VALUES ('953110003','11','953','8');
EXCEPTION WHEN DUP_VAL_ON_INDEX THEN
    UPDATE RIGHTTYPES SET CHANNELID='11',OPERID='953',ACCESSTYPEID='8' WHERE RIGHTID='953110003';
END;END;
/
DECLARE n Number;
BEGIN
BEGIN
    INSERT INTO RIGHTTYPES (RIGHTID,CHANNELID,OPERID,ACCESSTYPEID)
    VALUES ('956110001','11','956','1');
EXCEPTION WHEN DUP_VAL_ON_INDEX THEN
    UPDATE RIGHTTYPES SET CHANNELID='11',OPERID='956',ACCESSTYPEID='1' WHERE RIGHTID='956110001';
END;END;
/
DECLARE n Number;
BEGIN
BEGIN
    INSERT INTO RIGHTTYPES (RIGHTID,CHANNELID,OPERID,ACCESSTYPEID)
    VALUES ('956110002','11','956','2');
EXCEPTION WHEN DUP_VAL_ON_INDEX THEN
    UPDATE RIGHTTYPES SET CHANNELID='11',OPERID='956',ACCESSTYPEID='2' WHERE RIGHTID='956110002';
END;END;
/
DECLARE n Number;
BEGIN
BEGIN
    INSERT INTO RIGHTTYPES (RIGHTID,CHANNELID,OPERID,ACCESSTYPEID)
    VALUES ('957110001','11','957','1');
EXCEPTION WHEN DUP_VAL_ON_INDEX THEN
    UPDATE RIGHTTYPES SET CHANNELID='11',OPERID='957',ACCESSTYPEID='1' WHERE RIGHTID='957110001';
END;END;
/
DECLARE n Number;
BEGIN
BEGIN
    INSERT INTO RIGHTTYPES (RIGHTID,CHANNELID,OPERID,ACCESSTYPEID)
    VALUES ('957110002','11','957','2');
EXCEPTION WHEN DUP_VAL_ON_INDEX THEN
    UPDATE RIGHTTYPES SET CHANNELID='11',OPERID='957',ACCESSTYPEID='2' WHERE RIGHTID='957110002';
END;END;
/
DECLARE n Number;
BEGIN
BEGIN
    INSERT INTO RIGHTTYPES (RIGHTID,CHANNELID,OPERID,ACCESSTYPEID)
    VALUES ('957110003','11','957','4');
EXCEPTION WHEN DUP_VAL_ON_INDEX THEN
    UPDATE RIGHTTYPES SET CHANNELID='11',OPERID='957',ACCESSTYPEID='4' WHERE RIGHTID='957110003';
END;END;
/
DECLARE n Number;
BEGIN
BEGIN
    INSERT INTO RIGHTTYPES (RIGHTID,CHANNELID,OPERID,ACCESSTYPEID)
    VALUES ('957110004','11','957','8');
EXCEPTION WHEN DUP_VAL_ON_INDEX THEN
    UPDATE RIGHTTYPES SET CHANNELID='11',OPERID='957',ACCESSTYPEID='8' WHERE RIGHTID='957110004';
END;END;
/
DECLARE n Number;
BEGIN
BEGIN
    INSERT INTO RIGHTTYPES (RIGHTID,CHANNELID,OPERID,ACCESSTYPEID)
    VALUES ('958110001','11','958','1');
EXCEPTION WHEN DUP_VAL_ON_INDEX THEN
    UPDATE RIGHTTYPES SET CHANNELID='11',OPERID='958',ACCESSTYPEID='1' WHERE RIGHTID='958110001';
END;END;
/
DECLARE n Number;
BEGIN
BEGIN
    INSERT INTO RIGHTTYPES (RIGHTID,CHANNELID,OPERID,ACCESSTYPEID)
    VALUES ('958110002','11','958','2');
EXCEPTION WHEN DUP_VAL_ON_INDEX THEN
    UPDATE RIGHTTYPES SET CHANNELID='11',OPERID='958',ACCESSTYPEID='2' WHERE RIGHTID='958110002';
END;END;
/
DECLARE n Number;
BEGIN
BEGIN
    INSERT INTO RIGHTTYPES (RIGHTID,CHANNELID,OPERID,ACCESSTYPEID)
    VALUES ('958110003','11','958','4');
EXCEPTION WHEN DUP_VAL_ON_INDEX THEN
    UPDATE RIGHTTYPES SET CHANNELID='11',OPERID='958',ACCESSTYPEID='4' WHERE RIGHTID='958110003';
END;END;
/
DECLARE n Number;
BEGIN
BEGIN
    INSERT INTO RIGHTTYPES (RIGHTID,CHANNELID,OPERID,ACCESSTYPEID)
    VALUES ('958110004','11','958','8');
EXCEPTION WHEN DUP_VAL_ON_INDEX THEN
    UPDATE RIGHTTYPES SET CHANNELID='11',OPERID='958',ACCESSTYPEID='8' WHERE RIGHTID='958110004';
END;END;
/
DECLARE n Number;
BEGIN
BEGIN
    INSERT INTO RIGHTTYPES (RIGHTID,CHANNELID,OPERID,ACCESSTYPEID)
    VALUES ('959110001','11','959','1');
EXCEPTION WHEN DUP_VAL_ON_INDEX THEN
    UPDATE RIGHTTYPES SET CHANNELID='11',OPERID='959',ACCESSTYPEID='1' WHERE RIGHTID='959110001';
END;END;
/
DECLARE n Number;
BEGIN
BEGIN
    INSERT INTO RIGHTTYPES (RIGHTID,CHANNELID,OPERID,ACCESSTYPEID)
    VALUES ('959110002','11','959','2');
EXCEPTION WHEN DUP_VAL_ON_INDEX THEN
    UPDATE RIGHTTYPES SET CHANNELID='11',OPERID='959',ACCESSTYPEID='2' WHERE RIGHTID='959110002';
END;END;
/
DECLARE n Number;
BEGIN
BEGIN
    INSERT INTO RIGHTTYPES (RIGHTID,CHANNELID,OPERID,ACCESSTYPEID)
    VALUES ('959110003','11','959','4');
EXCEPTION WHEN DUP_VAL_ON_INDEX THEN
    UPDATE RIGHTTYPES SET CHANNELID='11',OPERID='959',ACCESSTYPEID='4' WHERE RIGHTID='959110003';
END;END;
/
DECLARE n Number;
BEGIN
BEGIN
    INSERT INTO RIGHTTYPES (RIGHTID,CHANNELID,OPERID,ACCESSTYPEID)
    VALUES ('959110004','11','959','8');
EXCEPTION WHEN DUP_VAL_ON_INDEX THEN
    UPDATE RIGHTTYPES SET CHANNELID='11',OPERID='959',ACCESSTYPEID='8' WHERE RIGHTID='959110004';
END;END;
/
DECLARE n Number;
BEGIN
BEGIN
    INSERT INTO RIGHTTYPES (RIGHTID,CHANNELID,OPERID,ACCESSTYPEID)
    VALUES ('959110005','11','959','512');
EXCEPTION WHEN DUP_VAL_ON_INDEX THEN
    UPDATE RIGHTTYPES SET CHANNELID='11',OPERID='959',ACCESSTYPEID='512' WHERE RIGHTID='959110005';
END;END;
/
DECLARE n Number;
BEGIN
BEGIN
    INSERT INTO RIGHTTYPES (RIGHTID,CHANNELID,OPERID,ACCESSTYPEID)
    VALUES ('960110001','11','960','1');
EXCEPTION WHEN DUP_VAL_ON_INDEX THEN
    UPDATE RIGHTTYPES SET CHANNELID='11',OPERID='960',ACCESSTYPEID='1' WHERE RIGHTID='960110001';
END;END;
/
DECLARE n Number;
BEGIN
BEGIN
    INSERT INTO RIGHTTYPES (RIGHTID,CHANNELID,OPERID,ACCESSTYPEID)
    VALUES ('960110002','11','960','2');
EXCEPTION WHEN DUP_VAL_ON_INDEX THEN
    UPDATE RIGHTTYPES SET CHANNELID='11',OPERID='960',ACCESSTYPEID='2' WHERE RIGHTID='960110002';
END;END;
/
DECLARE n Number;
BEGIN
BEGIN
    INSERT INTO RIGHTTYPES (RIGHTID,CHANNELID,OPERID,ACCESSTYPEID)
    VALUES ('960110003','11','960','4');
EXCEPTION WHEN DUP_VAL_ON_INDEX THEN
    UPDATE RIGHTTYPES SET CHANNELID='11',OPERID='960',ACCESSTYPEID='4' WHERE RIGHTID='960110003';
END;END;
/
DECLARE n Number;
BEGIN
BEGIN
    INSERT INTO RIGHTTYPES (RIGHTID,CHANNELID,OPERID,ACCESSTYPEID)
    VALUES ('960110004','11','960','8');
EXCEPTION WHEN DUP_VAL_ON_INDEX THEN
    UPDATE RIGHTTYPES SET CHANNELID='11',OPERID='960',ACCESSTYPEID='8' WHERE RIGHTID='960110004';
END;END;
/
DECLARE n Number;
BEGIN
BEGIN
    INSERT INTO RIGHTTYPES (RIGHTID,CHANNELID,OPERID,ACCESSTYPEID)
    VALUES ('961110001','11','961','1');
EXCEPTION WHEN DUP_VAL_ON_INDEX THEN
    UPDATE RIGHTTYPES SET CHANNELID='11',OPERID='961',ACCESSTYPEID='1' WHERE RIGHTID='961110001';
END;END;
/
DECLARE n Number;
BEGIN
BEGIN
    INSERT INTO RIGHTTYPES (RIGHTID,CHANNELID,OPERID,ACCESSTYPEID)
    VALUES ('961110002','11','961','2');
EXCEPTION WHEN DUP_VAL_ON_INDEX THEN
    UPDATE RIGHTTYPES SET CHANNELID='11',OPERID='961',ACCESSTYPEID='2' WHERE RIGHTID='961110002';
END;END;
/
DECLARE n Number;
BEGIN
BEGIN
    INSERT INTO RIGHTTYPES (RIGHTID,CHANNELID,OPERID,ACCESSTYPEID)
    VALUES ('961110003','11','961','4');
EXCEPTION WHEN DUP_VAL_ON_INDEX THEN
    UPDATE RIGHTTYPES SET CHANNELID='11',OPERID='961',ACCESSTYPEID='4' WHERE RIGHTID='961110003';
END;END;
/
DECLARE n Number;
BEGIN
BEGIN
    INSERT INTO RIGHTTYPES (RIGHTID,CHANNELID,OPERID,ACCESSTYPEID)
    VALUES ('961110004','11','961','8');
EXCEPTION WHEN DUP_VAL_ON_INDEX THEN
    UPDATE RIGHTTYPES SET CHANNELID='11',OPERID='961',ACCESSTYPEID='8' WHERE RIGHTID='961110004';
END;END;
/
DECLARE n Number;
BEGIN
BEGIN
    INSERT INTO RIGHTTYPES (RIGHTID,CHANNELID,OPERID,ACCESSTYPEID)
    VALUES ('962110001','11','962','1');
EXCEPTION WHEN DUP_VAL_ON_INDEX THEN
    UPDATE RIGHTTYPES SET CHANNELID='11',OPERID='962',ACCESSTYPEID='1' WHERE RIGHTID='962110001';
END;END;
/
DECLARE n Number;
BEGIN
BEGIN
    INSERT INTO RIGHTTYPES (RIGHTID,CHANNELID,OPERID,ACCESSTYPEID)
    VALUES ('962110002','11','962','4');
EXCEPTION WHEN DUP_VAL_ON_INDEX THEN
    UPDATE RIGHTTYPES SET CHANNELID='11',OPERID='962',ACCESSTYPEID='4' WHERE RIGHTID='962110002';
END;END;
/
DECLARE n Number;
BEGIN
BEGIN
    INSERT INTO RIGHTTYPES (RIGHTID,CHANNELID,OPERID,ACCESSTYPEID)
    VALUES ('964110001','11','964','1');
EXCEPTION WHEN DUP_VAL_ON_INDEX THEN
    UPDATE RIGHTTYPES SET CHANNELID='11',OPERID='964',ACCESSTYPEID='1' WHERE RIGHTID='964110001';
END;END;
/
DECLARE n Number;
BEGIN
BEGIN
    INSERT INTO RIGHTTYPES (RIGHTID,CHANNELID,OPERID,ACCESSTYPEID)
    VALUES ('968110001','11','968','1');
EXCEPTION WHEN DUP_VAL_ON_INDEX THEN
    UPDATE RIGHTTYPES SET CHANNELID='11',OPERID='968',ACCESSTYPEID='1' WHERE RIGHTID='968110001';
END;END;
/
DECLARE n Number;
BEGIN
BEGIN
    INSERT INTO RIGHTTYPES (RIGHTID,CHANNELID,OPERID,ACCESSTYPEID)
    VALUES ('968110002','11','968','2');
EXCEPTION WHEN DUP_VAL_ON_INDEX THEN
    UPDATE RIGHTTYPES SET CHANNELID='11',OPERID='968',ACCESSTYPEID='2' WHERE RIGHTID='968110002';
END;END;
/
DECLARE n Number;
BEGIN
BEGIN
    INSERT INTO RIGHTTYPES (RIGHTID,CHANNELID,OPERID,ACCESSTYPEID)
    VALUES ('200410001','41','200','1');
EXCEPTION WHEN DUP_VAL_ON_INDEX THEN
    UPDATE RIGHTTYPES SET CHANNELID='41',OPERID='200',ACCESSTYPEID='1' WHERE RIGHTID='200410001';
END;END;
/
DECLARE n Number;
BEGIN
BEGIN
    INSERT INTO RIGHTTYPES (RIGHTID,CHANNELID,OPERID,ACCESSTYPEID)
    VALUES ('204410001','41','204','1');
EXCEPTION WHEN DUP_VAL_ON_INDEX THEN
    UPDATE RIGHTTYPES SET CHANNELID='41',OPERID='204',ACCESSTYPEID='1' WHERE RIGHTID='204410001';
END;END;
/
PROMPT /* ------------ CATALOG DEFINITION RIGHTINITSUBSETS ------------ */
DECLARE n Number;
BEGIN
BEGIN
  INSERT INTO CATALOG(CODE,TIMEBASED,PRIMARYKEYATTRIBUTENAMES,ORDERBYATTRIBUTENAMES,COMMONTABLEUSED,EDITABILITYMODE,ENTITYVERSIONATTRIBUTENAME)
  VALUES ('RIGHTINITSUBSETS',0,'RIGHTSUBSETID','RightSubsetId',0,'N',null);
EXCEPTION WHEN DUP_VAL_ON_INDEX THEN
  UPDATE CATALOG SET TIMEBASED=0,PRIMARYKEYATTRIBUTENAMES='RIGHTSUBSETID',ORDERBYATTRIBUTENAMES='RightSubsetId',
    COMMONTABLEUSED=0,EDITABILITYMODE='N',ENTITYVERSIONATTRIBUTENAME=null
  WHERE CODE='RIGHTINITSUBSETS';
END;
  SELECT DISTINCT B.textID INTO n FROM CATALOG A, (SELECT textID FROM TEXTS) B WHERE A.textID=B.textID(+) and CODE='RIGHTINITSUBSETS';
  IF n IS NULL THEN
    n:=getnexttextid('');
    UPDATE CATALOG SET textID=n WHERE CODE='RIGHTINITSUBSETS';
  end if;
  multi_lang_txt(n,'DEFAULT','en',UTL_RAW.Cast_To_Varchar2(HexToRaw('52696768747320496E697469616C697A6174696F6E2053657473')));
END;
/
PROMPT /* ------------ CATALOG CLEANUP DELETE ------------ */
DELETE FROM RIGHTINITSUBSETS;

PROMPT /* ------------ CATALOG VALUES ------------ */
DECLARE n Number;
BEGIN
BEGIN
    INSERT INTO RIGHTINITSUBSETS (RIGHTSUBSETID,SYSTEMFLAG,FORRIGHTSADMINISTRATION)
    VALUES ('1','0','1');
EXCEPTION WHEN DUP_VAL_ON_INDEX THEN
    UPDATE RIGHTINITSUBSETS SET SYSTEMFLAG='0',FORRIGHTSADMINISTRATION='1' WHERE RIGHTSUBSETID='1';
END;SELECT DISTINCT B.textID INTO n FROM RIGHTINITSUBSETS A, (SELECT textID FROM TEXTS) B WHERE A.textID=B.textID(+) and RIGHTSUBSETID='1';
IF n IS NULL THEN
    n:=getnexttextid('');
    UPDATE RIGHTINITSUBSETS SET textID=n WHERE RIGHTSUBSETID='1';
END IF;
    multi_lang_txt(n,'DEFAULT','cs',UTL_RAW.Cast_To_Varchar2(HexToRaw('506C6EC3A1207072C3A17661')));
    multi_lang_txt(n,'DEFAULT','sk',UTL_RAW.Cast_To_Varchar2(HexToRaw('506C6EC3A9207072C3A17661')));
    multi_lang_txt(n,'DEFAULT','en',UTL_RAW.Cast_To_Varchar2(HexToRaw('46756C6C20726967687473')));
END;
/
DECLARE n Number;
BEGIN
BEGIN
    INSERT INTO RIGHTINITSUBSETS (RIGHTSUBSETID,SYSTEMFLAG,FORRIGHTSADMINISTRATION)
    VALUES ('2','0','1');
EXCEPTION WHEN DUP_VAL_ON_INDEX THEN
    UPDATE RIGHTINITSUBSETS SET SYSTEMFLAG='0',FORRIGHTSADMINISTRATION='1' WHERE RIGHTSUBSETID='2';
END;SELECT DISTINCT B.textID INTO n FROM RIGHTINITSUBSETS A, (SELECT textID FROM TEXTS) B WHERE A.textID=B.textID(+) and RIGHTSUBSETID='2';
IF n IS NULL THEN
    n:=getnexttextid('');
    UPDATE RIGHTINITSUBSETS SET textID=n WHERE RIGHTSUBSETID='2';
END IF;
    multi_lang_txt(n,'DEFAULT','cs',UTL_RAW.Cast_To_Varchar2(HexToRaw('50617369766EC3AD207072C3A176')));
    multi_lang_txt(n,'DEFAULT','sk',UTL_RAW.Cast_To_Varchar2(HexToRaw('506173C3AD766E65207072C3A17661')));
    multi_lang_txt(n,'DEFAULT','en',UTL_RAW.Cast_To_Varchar2(HexToRaw('5061737369766520726967687473')));
END;
/
PROMPT /* ------------ CATALOG DEFINITION RIGHTINITSUBSETDEF ------------ */
DECLARE n Number;
BEGIN
BEGIN
  INSERT INTO CATALOG(CODE,TIMEBASED,PRIMARYKEYATTRIBUTENAMES,ORDERBYATTRIBUTENAMES,COMMONTABLEUSED,EDITABILITYMODE,ENTITYVERSIONATTRIBUTENAME)
  VALUES ('RIGHTINITSUBSETDEF',0,'RIGHTSUBSETID,RIGHTID','RightSubsetId,RightId',0,'N',null);
EXCEPTION WHEN DUP_VAL_ON_INDEX THEN
  UPDATE CATALOG SET TIMEBASED=0,PRIMARYKEYATTRIBUTENAMES='RIGHTSUBSETID,RIGHTID',ORDERBYATTRIBUTENAMES='RightSubsetId,RightId',
    COMMONTABLEUSED=0,EDITABILITYMODE='N',ENTITYVERSIONATTRIBUTENAME=null
  WHERE CODE='RIGHTINITSUBSETDEF';
END;
  SELECT DISTINCT B.textID INTO n FROM CATALOG A, (SELECT textID FROM TEXTS) B WHERE A.textID=B.textID(+) and CODE='RIGHTINITSUBSETDEF';
  IF n IS NULL THEN
    n:=getnexttextid('');
    UPDATE CATALOG SET textID=n WHERE CODE='RIGHTINITSUBSETDEF';
  end if;
  multi_lang_txt(n,'DEFAULT','en',UTL_RAW.Cast_To_Varchar2(HexToRaw('52696768747320496E697469616C697A6174696F6E2053657420446566696E6974696F6E')));
END;
/
PROMPT /* ------------ CATALOG CLEANUP DELETE ------------ */
DELETE FROM RIGHTINITSUBSETDEF;

PROMPT /* ------------ CATALOG VALUES ------------ */
DECLARE n Number;
BEGIN
BEGIN
    INSERT INTO RIGHTINITSUBSETDEF (RIGHTSUBSETID,RIGHTID)
    VALUES ('1','200070001');
EXCEPTION WHEN DUP_VAL_ON_INDEX THEN
    null;
END;END;
/
DECLARE n Number;
BEGIN
BEGIN
    INSERT INTO RIGHTINITSUBSETDEF (RIGHTSUBSETID,RIGHTID)
    VALUES ('1','204070001');
EXCEPTION WHEN DUP_VAL_ON_INDEX THEN
    null;
END;END;
/
DECLARE n Number;
BEGIN
BEGIN
    INSERT INTO RIGHTINITSUBSETDEF (RIGHTSUBSETID,RIGHTID)
    VALUES ('1','200410001');
EXCEPTION WHEN DUP_VAL_ON_INDEX THEN
    null;
END;END;
/
DECLARE n Number;
BEGIN
BEGIN
    INSERT INTO RIGHTINITSUBSETDEF (RIGHTSUBSETID,RIGHTID)
    VALUES ('1','204410001');
EXCEPTION WHEN DUP_VAL_ON_INDEX THEN
    null;
END;END;
/
DECLARE n Number;
BEGIN
BEGIN
    INSERT INTO RIGHTINITSUBSETDEF (RIGHTSUBSETID,RIGHTID)
    VALUES ('2','200070001');
EXCEPTION WHEN DUP_VAL_ON_INDEX THEN
    null;
END;END;
/
DECLARE n Number;
BEGIN
BEGIN
    INSERT INTO RIGHTINITSUBSETDEF (RIGHTSUBSETID,RIGHTID)
    VALUES ('2','204070001');
EXCEPTION WHEN DUP_VAL_ON_INDEX THEN
    null;
END;END;
/
DECLARE n Number;
BEGIN
BEGIN
    INSERT INTO RIGHTINITSUBSETDEF (RIGHTSUBSETID,RIGHTID)
    VALUES ('2','200410001');
EXCEPTION WHEN DUP_VAL_ON_INDEX THEN
    null;
END;END;
/
DECLARE n Number;
BEGIN
BEGIN
    INSERT INTO RIGHTINITSUBSETDEF (RIGHTSUBSETID,RIGHTID)
    VALUES ('2','204410001');
EXCEPTION WHEN DUP_VAL_ON_INDEX THEN
    null;
END;END;
/
PROMPT /* ------------ CATALOG DEFINITION PREDEFINEDSIGNROLES ------------ */
DECLARE n Number;
BEGIN
BEGIN
  INSERT INTO CATALOG(CODE,TIMEBASED,PRIMARYKEYATTRIBUTENAMES,ORDERBYATTRIBUTENAMES,COMMONTABLEUSED,EDITABILITYMODE,ENTITYVERSIONATTRIBUTENAME)
  VALUES ('PREDEFINEDSIGNROLES',0,'SIGNROLEID','SignRoleId',0,'N','EntityTimestamp');
EXCEPTION WHEN DUP_VAL_ON_INDEX THEN
  UPDATE CATALOG SET TIMEBASED=0,PRIMARYKEYATTRIBUTENAMES='SIGNROLEID',ORDERBYATTRIBUTENAMES='SignRoleId',
    COMMONTABLEUSED=0,EDITABILITYMODE='N',ENTITYVERSIONATTRIBUTENAME='EntityTimestamp'
  WHERE CODE='PREDEFINEDSIGNROLES';
END;
  SELECT DISTINCT B.textID INTO n FROM CATALOG A, (SELECT textID FROM TEXTS) B WHERE A.textID=B.textID(+) and CODE='PREDEFINEDSIGNROLES';
  IF n IS NULL THEN
    n:=getnexttextid('');
    UPDATE CATALOG SET textID=n WHERE CODE='PREDEFINEDSIGNROLES';
  end if;
  multi_lang_txt(n,'DEFAULT','en',UTL_RAW.Cast_To_Varchar2(HexToRaw('507265646566696E6564205369676E696E6720526F6C6573')));
END;
/
PROMPT /* ------------ CATALOG CLEANUP DELETE ------------ */
DELETE FROM PREDEFINEDSIGNROLES;

PROMPT /* ------------ CATALOG VALUES ------------ */
DECLARE n Number;
BEGIN
BEGIN
    INSERT INTO PREDEFINEDSIGNROLES (SIGNROLEID,SYSTEMFLAG,ROLE,DESCRIPTION)
    VALUES ('1','0','OWNER','Role for account owner');
EXCEPTION WHEN DUP_VAL_ON_INDEX THEN
    UPDATE PREDEFINEDSIGNROLES SET SYSTEMFLAG='0',ROLE='OWNER',DESCRIPTION='Role for account owner' WHERE SIGNROLEID='1';
END;END;
/
DECLARE n Number;
BEGIN
BEGIN
    INSERT INTO PREDEFINEDSIGNROLES (SIGNROLEID,SYSTEMFLAG,ROLE,DESCRIPTION)
    VALUES ('2','0','ACCOUNTANT','Role for accountant');
EXCEPTION WHEN DUP_VAL_ON_INDEX THEN
    UPDATE PREDEFINEDSIGNROLES SET SYSTEMFLAG='0',ROLE='ACCOUNTANT',DESCRIPTION='Role for accountant' WHERE SIGNROLEID='2';
END;END;
/
PROMPT /* ------------ CATALOG DEFINITION ACCOUNTSTATUS ------------ */
DECLARE n Number;
BEGIN
BEGIN
  INSERT INTO CATALOG(CODE,TIMEBASED,PRIMARYKEYATTRIBUTENAMES,ORDERBYATTRIBUTENAMES,COMMONTABLEUSED,EDITABILITYMODE,ENTITYVERSIONATTRIBUTENAME)
  VALUES ('ACCOUNTSTATUS',0,'STATUSID','StatusId',0,'N','EntityTimestamp');
EXCEPTION WHEN DUP_VAL_ON_INDEX THEN
  UPDATE CATALOG SET TIMEBASED=0,PRIMARYKEYATTRIBUTENAMES='STATUSID',ORDERBYATTRIBUTENAMES='StatusId',
    COMMONTABLEUSED=0,EDITABILITYMODE='N',ENTITYVERSIONATTRIBUTENAME='EntityTimestamp'
  WHERE CODE='ACCOUNTSTATUS';
END;
  SELECT DISTINCT B.textID INTO n FROM CATALOG A, (SELECT textID FROM TEXTS) B WHERE A.textID=B.textID(+) and CODE='ACCOUNTSTATUS';
  IF n IS NULL THEN
    n:=getnexttextid('');
    UPDATE CATALOG SET textID=n WHERE CODE='ACCOUNTSTATUS';
  end if;
  multi_lang_txt(n,'DEFAULT','en',UTL_RAW.Cast_To_Varchar2(HexToRaw('4163636F756E74205374617475736573')));
END;
/
PROMPT /* ------------ CATALOG CLEANUP DELETE ------------ */
DELETE FROM ACCOUNTSTATUS;

PROMPT /* ------------ CATALOG VALUES ------------ */
DECLARE n Number;
BEGIN
BEGIN
    INSERT INTO ACCOUNTSTATUS (STATUSID)
    VALUES ('0');
EXCEPTION WHEN DUP_VAL_ON_INDEX THEN
    null;
END;SELECT DISTINCT B.textID INTO n FROM ACCOUNTSTATUS A, (SELECT textID FROM TEXTS) B WHERE A.textID=B.textID(+) and STATUSID='0';
IF n IS NULL THEN
    n:=getnexttextid('');
    UPDATE ACCOUNTSTATUS SET textID=n WHERE STATUSID='0';
END IF;
    multi_lang_txt(n,'DEFAULT','cs',UTL_RAW.Cast_To_Varchar2(HexToRaw('426C6F6B6F76616EC3BD')));
    multi_lang_txt(n,'DEFAULT','sk',UTL_RAW.Cast_To_Varchar2(HexToRaw('426C6F6B6F76616EC3BD')));
    multi_lang_txt(n,'DEFAULT','en',UTL_RAW.Cast_To_Varchar2(HexToRaw('426C6F636B6564')));
END;
/
DECLARE n Number;
BEGIN
BEGIN
    INSERT INTO ACCOUNTSTATUS (STATUSID)
    VALUES ('1');
EXCEPTION WHEN DUP_VAL_ON_INDEX THEN
    null;
END;SELECT DISTINCT B.textID INTO n FROM ACCOUNTSTATUS A, (SELECT textID FROM TEXTS) B WHERE A.textID=B.textID(+) and STATUSID='1';
IF n IS NULL THEN
    n:=getnexttextid('');
    UPDATE ACCOUNTSTATUS SET textID=n WHERE STATUSID='1';
END IF;
    multi_lang_txt(n,'DEFAULT','cs',UTL_RAW.Cast_To_Varchar2(HexToRaw('416B7469766EC3AD')));
    multi_lang_txt(n,'DEFAULT','sk',UTL_RAW.Cast_To_Varchar2(HexToRaw('416B74C3AD766E79')));
    multi_lang_txt(n,'DEFAULT','en',UTL_RAW.Cast_To_Varchar2(HexToRaw('416374697665')));
END;
/
DECLARE n Number;
BEGIN
BEGIN
    INSERT INTO ACCOUNTSTATUS (STATUSID)
    VALUES ('2');
EXCEPTION WHEN DUP_VAL_ON_INDEX THEN
    null;
END;SELECT DISTINCT B.textID INTO n FROM ACCOUNTSTATUS A, (SELECT textID FROM TEXTS) B WHERE A.textID=B.textID(+) and STATUSID='2';
IF n IS NULL THEN
    n:=getnexttextid('');
    UPDATE ACCOUNTSTATUS SET textID=n WHERE STATUSID='2';
END IF;
    multi_lang_txt(n,'DEFAULT','cs',UTL_RAW.Cast_To_Varchar2(HexToRaw('557A6176C599656EC3BD')));
    multi_lang_txt(n,'DEFAULT','sk',UTL_RAW.Cast_To_Varchar2(HexToRaw('557A6176726574C3BD')));
    multi_lang_txt(n,'DEFAULT','en',UTL_RAW.Cast_To_Varchar2(HexToRaw('436C6F736564')));
END;
/
DECLARE n Number;
BEGIN
BEGIN
    INSERT INTO ACCOUNTSTATUS (STATUSID)
    VALUES ('3');
EXCEPTION WHEN DUP_VAL_ON_INDEX THEN
    null;
END;SELECT DISTINCT B.textID INTO n FROM ACCOUNTSTATUS A, (SELECT textID FROM TEXTS) B WHERE A.textID=B.textID(+) and STATUSID='3';
IF n IS NULL THEN
    n:=getnexttextid('');
    UPDATE ACCOUNTSTATUS SET textID=n WHERE STATUSID='3';
END IF;
    multi_lang_txt(n,'DEFAULT','cs',UTL_RAW.Cast_To_Varchar2(HexToRaw('5A7275C5A1656EC3BD')));
    multi_lang_txt(n,'DEFAULT','sk',UTL_RAW.Cast_To_Varchar2(HexToRaw('5A7275C5A1656EC3BD')));
    multi_lang_txt(n,'DEFAULT','en',UTL_RAW.Cast_To_Varchar2(HexToRaw('44656C65746564')));
END;
/
PROMPT /* ------------ CATALOG DEFINITION OPERATIONSUPPACCTYPES ------------ */
DECLARE n Number;
BEGIN
BEGIN
  INSERT INTO CATALOG(CODE,TIMEBASED,PRIMARYKEYATTRIBUTENAMES,ORDERBYATTRIBUTENAMES,COMMONTABLEUSED,EDITABILITYMODE,ENTITYVERSIONATTRIBUTENAME)
  VALUES ('OPERATIONSUPPACCTYPES',0,'OPERID','OperId,AccTypeId',0,'N',null);
EXCEPTION WHEN DUP_VAL_ON_INDEX THEN
  UPDATE CATALOG SET TIMEBASED=0,PRIMARYKEYATTRIBUTENAMES='OPERID',ORDERBYATTRIBUTENAMES='OperId,AccTypeId',
    COMMONTABLEUSED=0,EDITABILITYMODE='N',ENTITYVERSIONATTRIBUTENAME=null
  WHERE CODE='OPERATIONSUPPACCTYPES';
END;
  SELECT DISTINCT B.textID INTO n FROM CATALOG A, (SELECT textID FROM TEXTS) B WHERE A.textID=B.textID(+) and CODE='OPERATIONSUPPACCTYPES';
  IF n IS NULL THEN
    n:=getnexttextid('');
    UPDATE CATALOG SET textID=n WHERE CODE='OPERATIONSUPPACCTYPES';
  end if;
  multi_lang_txt(n,'DEFAULT','en',UTL_RAW.Cast_To_Varchar2(HexToRaw('4163636F756E7420547970652052656C6576616E74204F7065726174696F6E73')));
END;
/
PROMPT /* ------------ CATALOG CLEANUP DELETE ------------ */
DELETE FROM OPERATIONSUPPACCTYPES;

PROMPT /* ------------ CATALOG VALUES ------------ */
DECLARE n Number;
BEGIN
BEGIN
    INSERT INTO OPERATIONSUPPACCTYPES (OPERID,ACCTYPEID,DOMESTICCURRENCY,FOREIGNCURRENCY,LISTORDER)
    VALUES ('200','1','1','1',NULL);
EXCEPTION WHEN DUP_VAL_ON_INDEX THEN
    UPDATE OPERATIONSUPPACCTYPES SET ACCTYPEID='1',DOMESTICCURRENCY='1',FOREIGNCURRENCY='1',LISTORDER=NULL WHERE OPERID='200';
END;END;
/
DECLARE n Number;
BEGIN
BEGIN
    INSERT INTO OPERATIONSUPPACCTYPES (OPERID,ACCTYPEID,DOMESTICCURRENCY,FOREIGNCURRENCY,LISTORDER)
    VALUES ('200','2','1','1',NULL);
EXCEPTION WHEN DUP_VAL_ON_INDEX THEN
    UPDATE OPERATIONSUPPACCTYPES SET ACCTYPEID='2',DOMESTICCURRENCY='1',FOREIGNCURRENCY='1',LISTORDER=NULL WHERE OPERID='200';
END;END;
/
DECLARE n Number;
BEGIN
BEGIN
    INSERT INTO OPERATIONSUPPACCTYPES (OPERID,ACCTYPEID,DOMESTICCURRENCY,FOREIGNCURRENCY,LISTORDER)
    VALUES ('204','1','1','1',NULL);
EXCEPTION WHEN DUP_VAL_ON_INDEX THEN
    UPDATE OPERATIONSUPPACCTYPES SET ACCTYPEID='1',DOMESTICCURRENCY='1',FOREIGNCURRENCY='1',LISTORDER=NULL WHERE OPERID='204';
END;END;
/
DECLARE n Number;
BEGIN
BEGIN
    INSERT INTO OPERATIONSUPPACCTYPES (OPERID,ACCTYPEID,DOMESTICCURRENCY,FOREIGNCURRENCY,LISTORDER)
    VALUES ('204','2','1','1',NULL);
EXCEPTION WHEN DUP_VAL_ON_INDEX THEN
    UPDATE OPERATIONSUPPACCTYPES SET ACCTYPEID='2',DOMESTICCURRENCY='1',FOREIGNCURRENCY='1',LISTORDER=NULL WHERE OPERID='204';
END;END;
/
PROMPT /* ------------ CATALOG DEFINITION SECURITYMETHODTYPES ------------ */
DECLARE n Number;
BEGIN
BEGIN
  INSERT INTO CATALOG(CODE,TIMEBASED,PRIMARYKEYATTRIBUTENAMES,ORDERBYATTRIBUTENAMES,COMMONTABLEUSED,EDITABILITYMODE,ENTITYVERSIONATTRIBUTENAME)
  VALUES ('SECURITYMETHODTYPES',0,'METHODID','MethodId',0,'N','EntityTimestamp');
EXCEPTION WHEN DUP_VAL_ON_INDEX THEN
  UPDATE CATALOG SET TIMEBASED=0,PRIMARYKEYATTRIBUTENAMES='METHODID',ORDERBYATTRIBUTENAMES='MethodId',
    COMMONTABLEUSED=0,EDITABILITYMODE='N',ENTITYVERSIONATTRIBUTENAME='EntityTimestamp'
  WHERE CODE='SECURITYMETHODTYPES';
END;
  SELECT DISTINCT B.textID INTO n FROM CATALOG A, (SELECT textID FROM TEXTS) B WHERE A.textID=B.textID(+) and CODE='SECURITYMETHODTYPES';
  IF n IS NULL THEN
    n:=getnexttextid('');
    UPDATE CATALOG SET textID=n WHERE CODE='SECURITYMETHODTYPES';
  end if;
  multi_lang_txt(n,'DEFAULT','en',UTL_RAW.Cast_To_Varchar2(HexToRaw('5365637572697479204D6574686F64205479706573')));
END;
/
PROMPT /* ------------ CATALOG CLEANUP DELETE ------------ */
DELETE FROM SECURITYMETHODTYPES;

PROMPT /* ------------ CATALOG VALUES ------------ */
DECLARE n Number;
BEGIN
BEGIN
    INSERT INTO SECURITYMETHODTYPES (METHODID,STATUSID,SHORTCODE,LIMIT)
    VALUES ('1','1','LN_PWD',NULL);
EXCEPTION WHEN DUP_VAL_ON_INDEX THEN
    UPDATE SECURITYMETHODTYPES SET STATUSID='1',SHORTCODE='LN_PWD',LIMIT=NULL WHERE METHODID='1';
END;SELECT DISTINCT B.textID INTO n FROM SECURITYMETHODTYPES A, (SELECT textID FROM TEXTS) B WHERE A.textID=B.textID(+) and METHODID='1';
IF n IS NULL THEN
    n:=getnexttextid('');
    UPDATE SECURITYMETHODTYPES SET textID=n WHERE METHODID='1';
END IF;
    multi_lang_txt(n,'DEFAULT','cs',UTL_RAW.Cast_To_Varchar2(HexToRaw('5374617469636BC3A9206865736C6F')));
    multi_lang_txt(n,'DEFAULT','sk',UTL_RAW.Cast_To_Varchar2(HexToRaw('5374617469636BC3A9206865736C6F')));
    multi_lang_txt(n,'DEFAULT','en',UTL_RAW.Cast_To_Varchar2(HexToRaw('5374617469632070617373776F7264')));
END;
/
DECLARE n Number;
BEGIN
BEGIN
    INSERT INTO SECURITYMETHODTYPES (METHODID,STATUSID,SHORTCODE,LIMIT)
    VALUES ('2','1','LN_PWD_SMS',NULL);
EXCEPTION WHEN DUP_VAL_ON_INDEX THEN
    UPDATE SECURITYMETHODTYPES SET STATUSID='1',SHORTCODE='LN_PWD_SMS',LIMIT=NULL WHERE METHODID='2';
END;SELECT DISTINCT B.textID INTO n FROM SECURITYMETHODTYPES A, (SELECT textID FROM TEXTS) B WHERE A.textID=B.textID(+) and METHODID='2';
IF n IS NULL THEN
    n:=getnexttextid('');
    UPDATE SECURITYMETHODTYPES SET textID=n WHERE METHODID='2';
END IF;
    multi_lang_txt(n,'DEFAULT','cs',UTL_RAW.Cast_To_Varchar2(HexToRaw('4865736C6F202B20534D53')));
    multi_lang_txt(n,'DEFAULT','sk',UTL_RAW.Cast_To_Varchar2(HexToRaw('4865736C6F202B20534D53')));
    multi_lang_txt(n,'DEFAULT','en',UTL_RAW.Cast_To_Varchar2(HexToRaw('50617373776F7264202B20534D53')));
END;
/
DECLARE n Number;
BEGIN
BEGIN
    INSERT INTO SECURITYMETHODTYPES (METHODID,STATUSID,SHORTCODE,LIMIT)
    VALUES ('3','1','SMS',NULL);
EXCEPTION WHEN DUP_VAL_ON_INDEX THEN
    UPDATE SECURITYMETHODTYPES SET STATUSID='1',SHORTCODE='SMS',LIMIT=NULL WHERE METHODID='3';
END;SELECT DISTINCT B.textID INTO n FROM SECURITYMETHODTYPES A, (SELECT textID FROM TEXTS) B WHERE A.textID=B.textID(+) and METHODID='3';
IF n IS NULL THEN
    n:=getnexttextid('');
    UPDATE SECURITYMETHODTYPES SET textID=n WHERE METHODID='3';
END IF;
    multi_lang_txt(n,'DEFAULT','cs',UTL_RAW.Cast_To_Varchar2(HexToRaw('534D53')));
    multi_lang_txt(n,'DEFAULT','sk',UTL_RAW.Cast_To_Varchar2(HexToRaw('534D53')));
    multi_lang_txt(n,'DEFAULT','en',UTL_RAW.Cast_To_Varchar2(HexToRaw('534D53')));
END;
/
PROMPT /* ------------ CATALOG DEFINITION SECURITYMETHODCHANSUPP ------------ */
PROMPT /* ------------ CATALOG CLEANUP DELETE ------------ */
DELETE FROM SECURITYMETHODCHANSUPP;

PROMPT /* ------------ CATALOG VALUES ------------ */
DECLARE n Number;
BEGIN
BEGIN
    INSERT INTO SECURITYMETHODCHANSUPP (METHODID,CHANNELID,AUTHEN,CERTIF,AUTHENTICATIONDEFAULT,CERTIFICATIONDEFAULT)
    VALUES ('1','7','1','0','1','0');
EXCEPTION WHEN DUP_VAL_ON_INDEX THEN
    UPDATE SECURITYMETHODCHANSUPP SET AUTHEN='1',CERTIF='0',AUTHENTICATIONDEFAULT='1',CERTIFICATIONDEFAULT='0' WHERE METHODID='1' AND CHANNELID='7';
END;END;
/
DECLARE n Number;
BEGIN
BEGIN
    INSERT INTO SECURITYMETHODCHANSUPP (METHODID,CHANNELID,AUTHEN,CERTIF,AUTHENTICATIONDEFAULT,CERTIFICATIONDEFAULT)
    VALUES ('1','41','1','0','1','0');
EXCEPTION WHEN DUP_VAL_ON_INDEX THEN
    UPDATE SECURITYMETHODCHANSUPP SET AUTHEN='1',CERTIF='0',AUTHENTICATIONDEFAULT='1',CERTIFICATIONDEFAULT='0' WHERE METHODID='1' AND CHANNELID='41';
END;END;
/
DECLARE n Number;
BEGIN
BEGIN
    INSERT INTO SECURITYMETHODCHANSUPP (METHODID,CHANNELID,AUTHEN,CERTIF,AUTHENTICATIONDEFAULT,CERTIFICATIONDEFAULT)
    VALUES ('2','7','1','0','1','0');
EXCEPTION WHEN DUP_VAL_ON_INDEX THEN
    UPDATE SECURITYMETHODCHANSUPP SET AUTHEN='1',CERTIF='0',AUTHENTICATIONDEFAULT='1',CERTIFICATIONDEFAULT='0' WHERE METHODID='2' AND CHANNELID='7';
END;END;
/
DECLARE n Number;
BEGIN
BEGIN
    INSERT INTO SECURITYMETHODCHANSUPP (METHODID,CHANNELID,AUTHEN,CERTIF,AUTHENTICATIONDEFAULT,CERTIFICATIONDEFAULT)
    VALUES ('2','41','1','0','1','0');
EXCEPTION WHEN DUP_VAL_ON_INDEX THEN
    UPDATE SECURITYMETHODCHANSUPP SET AUTHEN='1',CERTIF='0',AUTHENTICATIONDEFAULT='1',CERTIFICATIONDEFAULT='0' WHERE METHODID='2' AND CHANNELID='41';
END;END;
/
DECLARE n Number;
BEGIN
BEGIN
    INSERT INTO SECURITYMETHODCHANSUPP (METHODID,CHANNELID,AUTHEN,CERTIF,AUTHENTICATIONDEFAULT,CERTIFICATIONDEFAULT)
    VALUES ('3','7','0','1','0','1');
EXCEPTION WHEN DUP_VAL_ON_INDEX THEN
    UPDATE SECURITYMETHODCHANSUPP SET AUTHEN='0',CERTIF='1',AUTHENTICATIONDEFAULT='0',CERTIFICATIONDEFAULT='1' WHERE METHODID='3' AND CHANNELID='7';
END;END;
/
DECLARE n Number;
BEGIN
BEGIN
    INSERT INTO SECURITYMETHODCHANSUPP (METHODID,CHANNELID,AUTHEN,CERTIF,AUTHENTICATIONDEFAULT,CERTIFICATIONDEFAULT)
    VALUES ('3','41','0','1','0','1');
EXCEPTION WHEN DUP_VAL_ON_INDEX THEN
    UPDATE SECURITYMETHODCHANSUPP SET AUTHEN='0',CERTIF='1',AUTHENTICATIONDEFAULT='0',CERTIFICATIONDEFAULT='1' WHERE METHODID='3' AND CHANNELID='41';
END;END;
/
PROMPT /* ------------ CATALOG DEFINITION SECURITYMETHODCOMBINATIONS ------------ */
PROMPT /* ------------ CATALOG CLEANUP DELETE ------------ */
DELETE FROM SECURITYMETHODCOMBINATIONS;

PROMPT /* ------------ CATALOG VALUES ------------ */
DECLARE n Number;
BEGIN
BEGIN
    INSERT INTO SECURITYMETHODCOMBINATIONS (CHANNELID,AUTHMETHODID,CERTMETHODID,DEFAULTVAL)
    VALUES ('7','1','3',NULL);
EXCEPTION WHEN DUP_VAL_ON_INDEX THEN
    UPDATE SECURITYMETHODCOMBINATIONS SET DEFAULTVAL=NULL WHERE CHANNELID='7' AND AUTHMETHODID='1' AND CERTMETHODID='3';
END;END;
/
DECLARE n Number;
BEGIN
BEGIN
    INSERT INTO SECURITYMETHODCOMBINATIONS (CHANNELID,AUTHMETHODID,CERTMETHODID,DEFAULTVAL)
    VALUES ('7','2','3',NULL);
EXCEPTION WHEN DUP_VAL_ON_INDEX THEN
    UPDATE SECURITYMETHODCOMBINATIONS SET DEFAULTVAL=NULL WHERE CHANNELID='7' AND AUTHMETHODID='2' AND CERTMETHODID='3';
END;END;
/
DECLARE n Number;
BEGIN
BEGIN
    INSERT INTO SECURITYMETHODCOMBINATIONS (CHANNELID,AUTHMETHODID,CERTMETHODID,DEFAULTVAL)
    VALUES ('41','1','3',NULL);
EXCEPTION WHEN DUP_VAL_ON_INDEX THEN
    UPDATE SECURITYMETHODCOMBINATIONS SET DEFAULTVAL=NULL WHERE CHANNELID='41' AND AUTHMETHODID='1' AND CERTMETHODID='3';
END;END;
/
DECLARE n Number;
BEGIN
BEGIN
    INSERT INTO SECURITYMETHODCOMBINATIONS (CHANNELID,AUTHMETHODID,CERTMETHODID,DEFAULTVAL)
    VALUES ('41','2','3',NULL);
EXCEPTION WHEN DUP_VAL_ON_INDEX THEN
    UPDATE SECURITYMETHODCOMBINATIONS SET DEFAULTVAL=NULL WHERE CHANNELID='41' AND AUTHMETHODID='2' AND CERTMETHODID='3';
END;END;
/
PROMPT /* ------------ CATALOG DEFINITION CLIENTSTATUS ------------ */
DECLARE n Number;
BEGIN
BEGIN
  INSERT INTO CATALOG(CODE,TIMEBASED,PRIMARYKEYATTRIBUTENAMES,ORDERBYATTRIBUTENAMES,COMMONTABLEUSED,EDITABILITYMODE,ENTITYVERSIONATTRIBUTENAME)
  VALUES ('CLIENTSTATUS',0,'STATUSID','StatusId',0,'N',null);
EXCEPTION WHEN DUP_VAL_ON_INDEX THEN
  UPDATE CATALOG SET TIMEBASED=0,PRIMARYKEYATTRIBUTENAMES='STATUSID',ORDERBYATTRIBUTENAMES='StatusId',
    COMMONTABLEUSED=0,EDITABILITYMODE='N',ENTITYVERSIONATTRIBUTENAME=null
  WHERE CODE='CLIENTSTATUS';
END;
  SELECT DISTINCT B.textID INTO n FROM CATALOG A, (SELECT textID FROM TEXTS) B WHERE A.textID=B.textID(+) and CODE='CLIENTSTATUS';
  IF n IS NULL THEN
    n:=getnexttextid('');
    UPDATE CATALOG SET textID=n WHERE CODE='CLIENTSTATUS';
  end if;
  multi_lang_txt(n,'DEFAULT','en',UTL_RAW.Cast_To_Varchar2(HexToRaw('436C69656E74205374617475736573')));
END;
/
PROMPT /* ------------ CATALOG CLEANUP DELETE ------------ */
DELETE FROM CLIENTSTATUS;

PROMPT /* ------------ CATALOG VALUES ------------ */
DECLARE n Number;
BEGIN
BEGIN
    INSERT INTO CLIENTSTATUS (STATUSID,HOSTSTATUSCODE)
    VALUES ('0','BLOCKED');
EXCEPTION WHEN DUP_VAL_ON_INDEX THEN
    UPDATE CLIENTSTATUS SET HOSTSTATUSCODE='BLOCKED' WHERE STATUSID='0';
END;SELECT DISTINCT B.textID INTO n FROM CLIENTSTATUS A, (SELECT textID FROM TEXTS) B WHERE A.textID=B.textID(+) and STATUSID='0';
IF n IS NULL THEN
    n:=getnexttextid('');
    UPDATE CLIENTSTATUS SET textID=n WHERE STATUSID='0';
END IF;
    multi_lang_txt(n,'DEFAULT','cs',UTL_RAW.Cast_To_Varchar2(HexToRaw('426C6F6B6F76616EC3BD')));
    multi_lang_txt(n,'DEFAULT','sk',UTL_RAW.Cast_To_Varchar2(HexToRaw('426C6F6B6F76616EC3BD')));
    multi_lang_txt(n,'DEFAULT','en',UTL_RAW.Cast_To_Varchar2(HexToRaw('426C6F636B6564')));
END;
/
DECLARE n Number;
BEGIN
BEGIN
    INSERT INTO CLIENTSTATUS (STATUSID,HOSTSTATUSCODE)
    VALUES ('1','ACTIVE');
EXCEPTION WHEN DUP_VAL_ON_INDEX THEN
    UPDATE CLIENTSTATUS SET HOSTSTATUSCODE='ACTIVE' WHERE STATUSID='1';
END;SELECT DISTINCT B.textID INTO n FROM CLIENTSTATUS A, (SELECT textID FROM TEXTS) B WHERE A.textID=B.textID(+) and STATUSID='1';
IF n IS NULL THEN
    n:=getnexttextid('');
    UPDATE CLIENTSTATUS SET textID=n WHERE STATUSID='1';
END IF;
    multi_lang_txt(n,'DEFAULT','cs',UTL_RAW.Cast_To_Varchar2(HexToRaw('416B7469766EC3AD')));
    multi_lang_txt(n,'DEFAULT','sk',UTL_RAW.Cast_To_Varchar2(HexToRaw('416B74C3AD766E79')));
    multi_lang_txt(n,'DEFAULT','en',UTL_RAW.Cast_To_Varchar2(HexToRaw('416374697665')));
END;
/
DECLARE n Number;
BEGIN
BEGIN
    INSERT INTO CLIENTSTATUS (STATUSID,HOSTSTATUSCODE)
    VALUES ('3','ARCHIVED');
EXCEPTION WHEN DUP_VAL_ON_INDEX THEN
    UPDATE CLIENTSTATUS SET HOSTSTATUSCODE='ARCHIVED' WHERE STATUSID='3';
END;SELECT DISTINCT B.textID INTO n FROM CLIENTSTATUS A, (SELECT textID FROM TEXTS) B WHERE A.textID=B.textID(+) and STATUSID='3';
IF n IS NULL THEN
    n:=getnexttextid('');
    UPDATE CLIENTSTATUS SET textID=n WHERE STATUSID='3';
END IF;
    multi_lang_txt(n,'DEFAULT','cs',UTL_RAW.Cast_To_Varchar2(HexToRaw('536D617A616EC3BD')));
    multi_lang_txt(n,'DEFAULT','sk',UTL_RAW.Cast_To_Varchar2(HexToRaw('5A6D617A616EC3BD')));
    multi_lang_txt(n,'DEFAULT','en',UTL_RAW.Cast_To_Varchar2(HexToRaw('44656C65746564')));
END;
/
PROMPT /* ------------ CATALOG DEFINITION CLIENTIDENTIFICATIONTYPES ------------ */
DECLARE n Number;
BEGIN
BEGIN
  INSERT INTO CATALOG(CODE,TIMEBASED,PRIMARYKEYATTRIBUTENAMES,ORDERBYATTRIBUTENAMES,COMMONTABLEUSED,EDITABILITYMODE,ENTITYVERSIONATTRIBUTENAME)
  VALUES ('CLIENTIDENTIFICATIONTYPES',0,'IDENTIFICATIONTYPEID','IdentificationTypeId',0,'N',null);
EXCEPTION WHEN DUP_VAL_ON_INDEX THEN
  UPDATE CATALOG SET TIMEBASED=0,PRIMARYKEYATTRIBUTENAMES='IDENTIFICATIONTYPEID',ORDERBYATTRIBUTENAMES='IdentificationTypeId',
    COMMONTABLEUSED=0,EDITABILITYMODE='N',ENTITYVERSIONATTRIBUTENAME=null
  WHERE CODE='CLIENTIDENTIFICATIONTYPES';
END;
  SELECT DISTINCT B.textID INTO n FROM CATALOG A, (SELECT textID FROM TEXTS) B WHERE A.textID=B.textID(+) and CODE='CLIENTIDENTIFICATIONTYPES';
  IF n IS NULL THEN
    n:=getnexttextid('');
    UPDATE CATALOG SET textID=n WHERE CODE='CLIENTIDENTIFICATIONTYPES';
  end if;
  multi_lang_txt(n,'DEFAULT','en',UTL_RAW.Cast_To_Varchar2(HexToRaw('436C69656E74204964656E74696669636174696F6E205479706573')));
END;
/
PROMPT /* ------------ CATALOG CLEANUP DELETE ------------ */
DELETE FROM CLIENTIDENTIFICATIONTYPES;

PROMPT /* ------------ CATALOG VALUES ------------ */
DECLARE n Number;
BEGIN
BEGIN
    INSERT INTO CLIENTIDENTIFICATIONTYPES (IDENTIFICATIONTYPEID,STATUSID,IDTYPECODE)
    VALUES ('1','1','ICO');
EXCEPTION WHEN DUP_VAL_ON_INDEX THEN
    UPDATE CLIENTIDENTIFICATIONTYPES SET STATUSID='1',IDTYPECODE='ICO' WHERE IDENTIFICATIONTYPEID='1';
END;SELECT DISTINCT B.textID INTO n FROM CLIENTIDENTIFICATIONTYPES A, (SELECT textID FROM TEXTS) B WHERE A.textID=B.textID(+) and IDENTIFICATIONTYPEID='1';
IF n IS NULL THEN
    n:=getnexttextid('');
    UPDATE CLIENTIDENTIFICATIONTYPES SET textID=n WHERE IDENTIFICATIONTYPEID='1';
END IF;
    multi_lang_txt(n,'DEFAULT','cs',UTL_RAW.Cast_To_Varchar2(HexToRaw('4964656E746966696B61C48D6EC3AD20C48DC3AD736C6F')));
    multi_lang_txt(n,'DEFAULT','sk',UTL_RAW.Cast_To_Varchar2(HexToRaw('4964656E746966696B61C48D6EC3A920C48DC3AD736C6F')));
    multi_lang_txt(n,'DEFAULT','en',UTL_RAW.Cast_To_Varchar2(HexToRaw('4964656E74696669636174696F6E204E756D626572')));
END;
/
DECLARE n Number;
BEGIN
BEGIN
    INSERT INTO CLIENTIDENTIFICATIONTYPES (IDENTIFICATIONTYPEID,STATUSID,IDTYPECODE)
    VALUES ('2','1','RC');
EXCEPTION WHEN DUP_VAL_ON_INDEX THEN
    UPDATE CLIENTIDENTIFICATIONTYPES SET STATUSID='1',IDTYPECODE='RC' WHERE IDENTIFICATIONTYPEID='2';
END;SELECT DISTINCT B.textID INTO n FROM CLIENTIDENTIFICATIONTYPES A, (SELECT textID FROM TEXTS) B WHERE A.textID=B.textID(+) and IDENTIFICATIONTYPEID='2';
IF n IS NULL THEN
    n:=getnexttextid('');
    UPDATE CLIENTIDENTIFICATIONTYPES SET textID=n WHERE IDENTIFICATIONTYPEID='2';
END IF;
    multi_lang_txt(n,'DEFAULT','cs',UTL_RAW.Cast_To_Varchar2(HexToRaw('526F646EC3A920C48DC3AD736C6F')));
    multi_lang_txt(n,'DEFAULT','sk',UTL_RAW.Cast_To_Varchar2(HexToRaw('526F646EC3A920C48DC3AD736C6F')));
    multi_lang_txt(n,'DEFAULT','en',UTL_RAW.Cast_To_Varchar2(HexToRaw('506572736F6E616C204E756D626572')));
END;
/
PROMPT /* ------------ CATALOG DEFINITION LEGALTYPE ------------ */
DECLARE n Number;
BEGIN
BEGIN
  INSERT INTO CATALOG(CODE,TIMEBASED,PRIMARYKEYATTRIBUTENAMES,ORDERBYATTRIBUTENAMES,COMMONTABLEUSED,EDITABILITYMODE,ENTITYVERSIONATTRIBUTENAME)
  VALUES ('LEGALTYPE',0,'TYPECODE','TypeCode',0,'N','EntityTimestamp');
EXCEPTION WHEN DUP_VAL_ON_INDEX THEN
  UPDATE CATALOG SET TIMEBASED=0,PRIMARYKEYATTRIBUTENAMES='TYPECODE',ORDERBYATTRIBUTENAMES='TypeCode',
    COMMONTABLEUSED=0,EDITABILITYMODE='N',ENTITYVERSIONATTRIBUTENAME='EntityTimestamp'
  WHERE CODE='LEGALTYPE';
END;
  SELECT DISTINCT B.textID INTO n FROM CATALOG A, (SELECT textID FROM TEXTS) B WHERE A.textID=B.textID(+) and CODE='LEGALTYPE';
  IF n IS NULL THEN
    n:=getnexttextid('');
    UPDATE CATALOG SET textID=n WHERE CODE='LEGALTYPE';
  end if;
  multi_lang_txt(n,'DEFAULT','en',UTL_RAW.Cast_To_Varchar2(HexToRaw('4C6567616C20466F726D73')));
END;
/
PROMPT /* ------------ CATALOG CLEANUP DELETE ------------ */
DELETE FROM LEGALTYPE;

PROMPT /* ------------ CATALOG VALUES ------------ */
DECLARE n Number;
BEGIN
BEGIN
    INSERT INTO LEGALTYPE (TYPECODE,STATUSID)
    VALUES ('IP','1');
EXCEPTION WHEN DUP_VAL_ON_INDEX THEN
    UPDATE LEGALTYPE SET STATUSID='1' WHERE TYPECODE='IP';
END;SELECT DISTINCT B.textID INTO n FROM LEGALTYPE A, (SELECT textID FROM TEXTS) B WHERE A.textID=B.textID(+) and TYPECODE='IP';
IF n IS NULL THEN
    n:=getnexttextid('');
    UPDATE LEGALTYPE SET textID=n WHERE TYPECODE='IP';
END IF;
    multi_lang_txt(n,'DEFAULT','cs',UTL_RAW.Cast_To_Varchar2(HexToRaw('46797A69636BC3A1206F736F6261')));
    multi_lang_txt(n,'DEFAULT','sk',UTL_RAW.Cast_To_Varchar2(HexToRaw('46797A69636BC3A1206F736F6261')));
    multi_lang_txt(n,'DEFAULT','en',UTL_RAW.Cast_To_Varchar2(HexToRaw('496E646976696475616C20506572736F6E')));
END;
/
DECLARE n Number;
BEGIN
BEGIN
    INSERT INTO LEGALTYPE (TYPECODE,STATUSID)
    VALUES ('LP','1');
EXCEPTION WHEN DUP_VAL_ON_INDEX THEN
    UPDATE LEGALTYPE SET STATUSID='1' WHERE TYPECODE='LP';
END;SELECT DISTINCT B.textID INTO n FROM LEGALTYPE A, (SELECT textID FROM TEXTS) B WHERE A.textID=B.textID(+) and TYPECODE='LP';
IF n IS NULL THEN
    n:=getnexttextid('');
    UPDATE LEGALTYPE SET textID=n WHERE TYPECODE='LP';
END IF;
    multi_lang_txt(n,'DEFAULT','cs',UTL_RAW.Cast_To_Varchar2(HexToRaw('5072C3A1766E69636BC3A1206F736F6261')));
    multi_lang_txt(n,'DEFAULT','sk',UTL_RAW.Cast_To_Varchar2(HexToRaw('5072C3A1766E69636BC3A1206F736F6261')));
    multi_lang_txt(n,'DEFAULT','en',UTL_RAW.Cast_To_Varchar2(HexToRaw('4C6567616C20506572736F6E')));
END;
/
DECLARE n Number;
BEGIN
BEGIN
    INSERT INTO LEGALTYPE (TYPECODE,STATUSID)
    VALUES ('EN','1');
EXCEPTION WHEN DUP_VAL_ON_INDEX THEN
    UPDATE LEGALTYPE SET STATUSID='1' WHERE TYPECODE='EN';
END;SELECT DISTINCT B.textID INTO n FROM LEGALTYPE A, (SELECT textID FROM TEXTS) B WHERE A.textID=B.textID(+) and TYPECODE='EN';
IF n IS NULL THEN
    n:=getnexttextid('');
    UPDATE LEGALTYPE SET textID=n WHERE TYPECODE='EN';
END IF;
    multi_lang_txt(n,'DEFAULT','cs',UTL_RAW.Cast_To_Varchar2(HexToRaw('46797A69636BC3A1206F736F6261202D20706F646E696B6174656C')));
    multi_lang_txt(n,'DEFAULT','sk',UTL_RAW.Cast_To_Varchar2(HexToRaw('46797A69636BC3A1206F736F6261202D20706F646E696B617465C4BE')));
    multi_lang_txt(n,'DEFAULT','en',UTL_RAW.Cast_To_Varchar2(HexToRaw('456E7472657072656E657572')));
END;
/
PROMPT /* ------------ CATALOG DEFINITION LEGALCATEGORYTYPES ------------ */
DECLARE n Number;
BEGIN
BEGIN
  INSERT INTO CATALOG(CODE,TIMEBASED,PRIMARYKEYATTRIBUTENAMES,ORDERBYATTRIBUTENAMES,COMMONTABLEUSED,EDITABILITYMODE,ENTITYVERSIONATTRIBUTENAME)
  VALUES ('LEGALCATEGORYTYPES',0,'LEGALCATEGID','LegalCategId',0,'N',null);
EXCEPTION WHEN DUP_VAL_ON_INDEX THEN
  UPDATE CATALOG SET TIMEBASED=0,PRIMARYKEYATTRIBUTENAMES='LEGALCATEGID',ORDERBYATTRIBUTENAMES='LegalCategId',
    COMMONTABLEUSED=0,EDITABILITYMODE='N',ENTITYVERSIONATTRIBUTENAME=null
  WHERE CODE='LEGALCATEGORYTYPES';
END;
  SELECT DISTINCT B.textID INTO n FROM CATALOG A, (SELECT textID FROM TEXTS) B WHERE A.textID=B.textID(+) and CODE='LEGALCATEGORYTYPES';
  IF n IS NULL THEN
    n:=getnexttextid('');
    UPDATE CATALOG SET textID=n WHERE CODE='LEGALCATEGORYTYPES';
  end if;
  multi_lang_txt(n,'DEFAULT','en',UTL_RAW.Cast_To_Varchar2(HexToRaw('4C6567616C2043617465676F7279205479706573')));
END;
/
PROMPT /* ------------ CATALOG CLEANUP DELETE ------------ */
DELETE FROM LEGALCATEGORYTYPES;

PROMPT /* ------------ CATALOG VALUES ------------ */
DECLARE n Number;
BEGIN
BEGIN
    INSERT INTO LEGALCATEGORYTYPES (LEGALCATEGID,HOSTLEGALCATEGCODE,LEGALTYPE,IFTYPE)
    VALUES ('1','IP','IP','RETAIL');
EXCEPTION WHEN DUP_VAL_ON_INDEX THEN
    UPDATE LEGALCATEGORYTYPES SET HOSTLEGALCATEGCODE='IP',LEGALTYPE='IP',IFTYPE='RETAIL' WHERE LEGALCATEGID='1';
END;SELECT DISTINCT B.textID INTO n FROM LEGALCATEGORYTYPES A, (SELECT textID FROM TEXTS) B WHERE A.textID=B.textID(+) and LEGALCATEGID='1';
IF n IS NULL THEN
    n:=getnexttextid('');
    UPDATE LEGALCATEGORYTYPES SET textID=n WHERE LEGALCATEGID='1';
END IF;
    multi_lang_txt(n,'DEFAULT','cs',UTL_RAW.Cast_To_Varchar2(HexToRaw('46797A69636BC3A1206F736F6261')));
    multi_lang_txt(n,'DEFAULT','sk',UTL_RAW.Cast_To_Varchar2(HexToRaw('46797A69636BC3A1206F736F6261')));
    multi_lang_txt(n,'DEFAULT','en',UTL_RAW.Cast_To_Varchar2(HexToRaw('496E646976696475616C20506572736F6E')));
END;
/
DECLARE n Number;
BEGIN
BEGIN
    INSERT INTO LEGALCATEGORYTYPES (LEGALCATEGID,HOSTLEGALCATEGCODE,LEGALTYPE,IFTYPE)
    VALUES ('2','LP','LP','CORP');
EXCEPTION WHEN DUP_VAL_ON_INDEX THEN
    UPDATE LEGALCATEGORYTYPES SET HOSTLEGALCATEGCODE='LP',LEGALTYPE='LP',IFTYPE='CORP' WHERE LEGALCATEGID='2';
END;SELECT DISTINCT B.textID INTO n FROM LEGALCATEGORYTYPES A, (SELECT textID FROM TEXTS) B WHERE A.textID=B.textID(+) and LEGALCATEGID='2';
IF n IS NULL THEN
    n:=getnexttextid('');
    UPDATE LEGALCATEGORYTYPES SET textID=n WHERE LEGALCATEGID='2';
END IF;
    multi_lang_txt(n,'DEFAULT','cs',UTL_RAW.Cast_To_Varchar2(HexToRaw('5072C3A1766E69636BC3A1206F736F6261')));
    multi_lang_txt(n,'DEFAULT','sk',UTL_RAW.Cast_To_Varchar2(HexToRaw('5072C3A1766E69636BC3A1206F736F6261')));
    multi_lang_txt(n,'DEFAULT','en',UTL_RAW.Cast_To_Varchar2(HexToRaw('4C6567616C20506572736F6E')));
END;
/
DECLARE n Number;
BEGIN
BEGIN
    INSERT INTO LEGALCATEGORYTYPES (LEGALCATEGID,HOSTLEGALCATEGCODE,LEGALTYPE,IFTYPE)
    VALUES ('3','EN','EN','RETAIL');
EXCEPTION WHEN DUP_VAL_ON_INDEX THEN
    UPDATE LEGALCATEGORYTYPES SET HOSTLEGALCATEGCODE='EN',LEGALTYPE='EN',IFTYPE='RETAIL' WHERE LEGALCATEGID='3';
END;SELECT DISTINCT B.textID INTO n FROM LEGALCATEGORYTYPES A, (SELECT textID FROM TEXTS) B WHERE A.textID=B.textID(+) and LEGALCATEGID='3';
IF n IS NULL THEN
    n:=getnexttextid('');
    UPDATE LEGALCATEGORYTYPES SET textID=n WHERE LEGALCATEGID='3';
END IF;
    multi_lang_txt(n,'DEFAULT','cs',UTL_RAW.Cast_To_Varchar2(HexToRaw('46797A69636BC3A1206F736F6261202D20706F646E696B6174656C')));
    multi_lang_txt(n,'DEFAULT','sk',UTL_RAW.Cast_To_Varchar2(HexToRaw('46797A69636BC3A1206F736F6261202D20706F646E696B617465C4BE')));
    multi_lang_txt(n,'DEFAULT','en',UTL_RAW.Cast_To_Varchar2(HexToRaw('456E7472657072656E657572')));
END;
/
PROMPT /* ------------ CATALOG DEFINITION IDENTITYCARDTYPE ------------ */
DECLARE n Number;
BEGIN
BEGIN
  INSERT INTO CATALOG(CODE,TIMEBASED,PRIMARYKEYATTRIBUTENAMES,ORDERBYATTRIBUTENAMES,COMMONTABLEUSED,EDITABILITYMODE,ENTITYVERSIONATTRIBUTENAME)
  VALUES ('IDENTITYCARDTYPE',0,'IDENTITYCARDTYPEID','IdentityCardTypeId',0,'N','EntityTimestamp');
EXCEPTION WHEN DUP_VAL_ON_INDEX THEN
  UPDATE CATALOG SET TIMEBASED=0,PRIMARYKEYATTRIBUTENAMES='IDENTITYCARDTYPEID',ORDERBYATTRIBUTENAMES='IdentityCardTypeId',
    COMMONTABLEUSED=0,EDITABILITYMODE='N',ENTITYVERSIONATTRIBUTENAME='EntityTimestamp'
  WHERE CODE='IDENTITYCARDTYPE';
END;
  SELECT DISTINCT B.textID INTO n FROM CATALOG A, (SELECT textID FROM TEXTS) B WHERE A.textID=B.textID(+) and CODE='IDENTITYCARDTYPE';
  IF n IS NULL THEN
    n:=getnexttextid('');
    UPDATE CATALOG SET textID=n WHERE CODE='IDENTITYCARDTYPE';
  end if;
  multi_lang_txt(n,'DEFAULT','en',UTL_RAW.Cast_To_Varchar2(HexToRaw('4964656E746974792043617264205479706573')));
END;
/
PROMPT /* ------------ CATALOG CLEANUP DELETE ------------ */
DELETE FROM IDENTITYCARDTYPE;

PROMPT /* ------------ CATALOG VALUES ------------ */
DECLARE n Number;
BEGIN
BEGIN
    INSERT INTO IDENTITYCARDTYPE (IDENTITYCARDTYPEID,STATUSID,SHORTCODE)
    VALUES ('1','1','IC');
EXCEPTION WHEN DUP_VAL_ON_INDEX THEN
    UPDATE IDENTITYCARDTYPE SET STATUSID='1',SHORTCODE='IC' WHERE IDENTITYCARDTYPEID='1';
END;SELECT DISTINCT B.textID INTO n FROM IDENTITYCARDTYPE A, (SELECT textID FROM TEXTS) B WHERE A.textID=B.textID(+) and IDENTITYCARDTYPEID='1';
IF n IS NULL THEN
    n:=getnexttextid('');
    UPDATE IDENTITYCARDTYPE SET textID=n WHERE IDENTITYCARDTYPEID='1';
END IF;
    multi_lang_txt(n,'DEFAULT','cs',UTL_RAW.Cast_To_Varchar2(HexToRaw('4F62C48D616E736BC3BD207072C5AF6B617A')));
    multi_lang_txt(n,'DEFAULT','sk',UTL_RAW.Cast_To_Varchar2(HexToRaw('4F62C48D69616E736B7920707265756B617A')));
    multi_lang_txt(n,'DEFAULT','en',UTL_RAW.Cast_To_Varchar2(HexToRaw('4964656E746974792043617264')));
END;
/
PROMPT /* ------------ CATALOG DEFINITION CLIENTSETUP ------------ */
DECLARE n Number;
BEGIN
BEGIN
  INSERT INTO CATALOG(CODE,TIMEBASED,PRIMARYKEYATTRIBUTENAMES,ORDERBYATTRIBUTENAMES,COMMONTABLEUSED,EDITABILITYMODE,ENTITYVERSIONATTRIBUTENAME)
  VALUES ('CLIENTSETUP',0,'ID','Id',0,'N',null);
EXCEPTION WHEN DUP_VAL_ON_INDEX THEN
  UPDATE CATALOG SET TIMEBASED=0,PRIMARYKEYATTRIBUTENAMES='ID',ORDERBYATTRIBUTENAMES='Id',
    COMMONTABLEUSED=0,EDITABILITYMODE='N',ENTITYVERSIONATTRIBUTENAME=null
  WHERE CODE='CLIENTSETUP';
END;
  SELECT DISTINCT B.textID INTO n FROM CATALOG A, (SELECT textID FROM TEXTS) B WHERE A.textID=B.textID(+) and CODE='CLIENTSETUP';
  IF n IS NULL THEN
    n:=getnexttextid('');
    UPDATE CATALOG SET textID=n WHERE CODE='CLIENTSETUP';
  end if;
  multi_lang_txt(n,'DEFAULT','en',UTL_RAW.Cast_To_Varchar2(HexToRaw('436C69656E7420536574757020436F6E66696775726174696F6E73')));
END;
/
PROMPT /* ------------ CATALOG CLEANUP DELETE ------------ */
DELETE FROM CLIENTSETUP;

PROMPT /* ------------ CATALOG VALUES ------------ */
DECLARE n Number;
BEGIN
BEGIN
    INSERT INTO CLIENTSETUP (ID,NAME,SETUPCHANNELACCESSMODIFIABLE,SETUPCHANNELACCESSBYDEFAULT,SETUPRIGHTSMODIFIABLE,SETUPRIGHTSBYDEFAULT,IMPORTACCOUNTSMODIFIABLE,IMPORTACCOUNTSBYDEFAULT,SETUPRIGHTPROFILESMODIFIABLE,SETUPRIGHTPROFILESBYDEFAULT,SETUPPASSRIGHTPROFSMODIFIABLE,SETUPPASSRIGHTPROFSBYDEFAULT,SETUPUSERMODIFIABLE,SETUPUSERBYDEFAULT,SETUPSIGNINGROLESMODIFIABLE,SETUPSIGNINGROLESBYDEFAULT,SETUPSIGNINGRULESMODIFIABLE,SETUPSIGNINGRULESBYDEFAULT,SETUPASSIGNDEFAULTPROFILE,SETUPCLIENTRIGHTSSUBSETID)
    VALUES ('1','PERSON','1','1','1','1','1','1','1','1','1','0','1','1','1','1','1','1','1','1');
EXCEPTION WHEN DUP_VAL_ON_INDEX THEN
    UPDATE CLIENTSETUP SET NAME='PERSON',SETUPCHANNELACCESSMODIFIABLE='1',SETUPCHANNELACCESSBYDEFAULT='1',SETUPRIGHTSMODIFIABLE='1',SETUPRIGHTSBYDEFAULT='1',IMPORTACCOUNTSMODIFIABLE='1',IMPORTACCOUNTSBYDEFAULT='1',SETUPRIGHTPROFILESMODIFIABLE='1',SETUPRIGHTPROFILESBYDEFAULT='1',SETUPPASSRIGHTPROFSMODIFIABLE='1',SETUPPASSRIGHTPROFSBYDEFAULT='0',SETUPUSERMODIFIABLE='1',SETUPUSERBYDEFAULT='1',SETUPSIGNINGROLESMODIFIABLE='1',SETUPSIGNINGROLESBYDEFAULT='1',SETUPSIGNINGRULESMODIFIABLE='1',SETUPSIGNINGRULESBYDEFAULT='1',SETUPASSIGNDEFAULTPROFILE='1',SETUPCLIENTRIGHTSSUBSETID='1' WHERE ID='1';
END;END;
/
DECLARE n Number;
BEGIN
BEGIN
    INSERT INTO CLIENTSETUP (ID,NAME,SETUPCHANNELACCESSMODIFIABLE,SETUPCHANNELACCESSBYDEFAULT,SETUPRIGHTSMODIFIABLE,SETUPRIGHTSBYDEFAULT,IMPORTACCOUNTSMODIFIABLE,IMPORTACCOUNTSBYDEFAULT,SETUPRIGHTPROFILESMODIFIABLE,SETUPRIGHTPROFILESBYDEFAULT,SETUPPASSRIGHTPROFSMODIFIABLE,SETUPPASSRIGHTPROFSBYDEFAULT,SETUPUSERMODIFIABLE,SETUPUSERBYDEFAULT,SETUPSIGNINGROLESMODIFIABLE,SETUPSIGNINGROLESBYDEFAULT,SETUPSIGNINGRULESMODIFIABLE,SETUPSIGNINGRULESBYDEFAULT,SETUPASSIGNDEFAULTPROFILE,SETUPCLIENTRIGHTSSUBSETID)
    VALUES ('2','CORP','1','1','1','1','1','1','1','1','1','1','0','0','1','1','1','0','1','1');
EXCEPTION WHEN DUP_VAL_ON_INDEX THEN
    UPDATE CLIENTSETUP SET NAME='CORP',SETUPCHANNELACCESSMODIFIABLE='1',SETUPCHANNELACCESSBYDEFAULT='1',SETUPRIGHTSMODIFIABLE='1',SETUPRIGHTSBYDEFAULT='1',IMPORTACCOUNTSMODIFIABLE='1',IMPORTACCOUNTSBYDEFAULT='1',SETUPRIGHTPROFILESMODIFIABLE='1',SETUPRIGHTPROFILESBYDEFAULT='1',SETUPPASSRIGHTPROFSMODIFIABLE='1',SETUPPASSRIGHTPROFSBYDEFAULT='1',SETUPUSERMODIFIABLE='0',SETUPUSERBYDEFAULT='0',SETUPSIGNINGROLESMODIFIABLE='1',SETUPSIGNINGROLESBYDEFAULT='1',SETUPSIGNINGRULESMODIFIABLE='1',SETUPSIGNINGRULESBYDEFAULT='0',SETUPASSIGNDEFAULTPROFILE='1',SETUPCLIENTRIGHTSSUBSETID='1' WHERE ID='2';
END;END;
/
PROMPT /* ------------ CATALOG DEFINITION CLIENTSETUPCLIENTCATEGRELATION ------------ */
PROMPT /* ------------ CATALOG CLEANUP DELETE ------------ */
DELETE FROM CLIENTSETUPCLIENTCATEGRELATION;

PROMPT /* ------------ CATALOG VALUES ------------ */
DECLARE n Number;
BEGIN
BEGIN
    INSERT INTO CLIENTSETUPCLIENTCATEGRELATION (CLIENTCATEGID,LEGALTYPECODE,CLIENTSETUPID)
    VALUES ('1',NULL,'1');
EXCEPTION WHEN DUP_VAL_ON_INDEX THEN
    null;
END;END;
/
DECLARE n Number;
BEGIN
BEGIN
    INSERT INTO CLIENTSETUPCLIENTCATEGRELATION (CLIENTCATEGID,LEGALTYPECODE,CLIENTSETUPID)
    VALUES ('2',NULL,'1');
EXCEPTION WHEN DUP_VAL_ON_INDEX THEN
    null;
END;END;
/
DECLARE n Number;
BEGIN
BEGIN
    INSERT INTO CLIENTSETUPCLIENTCATEGRELATION (CLIENTCATEGID,LEGALTYPECODE,CLIENTSETUPID)
    VALUES ('3',NULL,'2');
EXCEPTION WHEN DUP_VAL_ON_INDEX THEN
    null;
END;END;
/
PROMPT /* ------------ CATALOG DEFINITION SETUPCLIENTCHANNELS ------------ */
DECLARE n Number;
BEGIN
BEGIN
  INSERT INTO CATALOG(CODE,TIMEBASED,PRIMARYKEYATTRIBUTENAMES,ORDERBYATTRIBUTENAMES,COMMONTABLEUSED,EDITABILITYMODE,ENTITYVERSIONATTRIBUTENAME)
  VALUES ('SETUPCLIENTCHANNELS',0,'CLIENTSETUPID,CHANNELID','ClientSetupId,ChannelId',0,'N','EntityTimestamp');
EXCEPTION WHEN DUP_VAL_ON_INDEX THEN
  UPDATE CATALOG SET TIMEBASED=0,PRIMARYKEYATTRIBUTENAMES='CLIENTSETUPID,CHANNELID',ORDERBYATTRIBUTENAMES='ClientSetupId,ChannelId',
    COMMONTABLEUSED=0,EDITABILITYMODE='N',ENTITYVERSIONATTRIBUTENAME='EntityTimestamp'
  WHERE CODE='SETUPCLIENTCHANNELS';
END;
  SELECT DISTINCT B.textID INTO n FROM CATALOG A, (SELECT textID FROM TEXTS) B WHERE A.textID=B.textID(+) and CODE='SETUPCLIENTCHANNELS';
  IF n IS NULL THEN
    n:=getnexttextid('');
    UPDATE CATALOG SET textID=n WHERE CODE='SETUPCLIENTCHANNELS';
  end if;
  multi_lang_txt(n,'DEFAULT','en',UTL_RAW.Cast_To_Varchar2(HexToRaw('436C69656E74205365747570204368616E6E656C7320436F6E66696775726174696F6E')));
END;
/
PROMPT /* ------------ CATALOG CLEANUP DELETE ------------ */
DELETE FROM SETUPCLIENTCHANNELS;

PROMPT /* ------------ CATALOG VALUES ------------ */
DECLARE n Number;
BEGIN
BEGIN
    INSERT INTO SETUPCLIENTCHANNELS (CLIENTSETUPID,CHANNELID,ASSIGNTOUSER)
    VALUES ('1','7','1');
EXCEPTION WHEN DUP_VAL_ON_INDEX THEN
    UPDATE SETUPCLIENTCHANNELS SET ASSIGNTOUSER='1' WHERE CLIENTSETUPID='1' AND CHANNELID='7';
END;END;
/
DECLARE n Number;
BEGIN
BEGIN
    INSERT INTO SETUPCLIENTCHANNELS (CLIENTSETUPID,CHANNELID,ASSIGNTOUSER)
    VALUES ('1','41','1');
EXCEPTION WHEN DUP_VAL_ON_INDEX THEN
    UPDATE SETUPCLIENTCHANNELS SET ASSIGNTOUSER='1' WHERE CLIENTSETUPID='1' AND CHANNELID='41';
END;END;
/
DECLARE n Number;
BEGIN
BEGIN
    INSERT INTO SETUPCLIENTCHANNELS (CLIENTSETUPID,CHANNELID,ASSIGNTOUSER)
    VALUES ('2','7','0');
EXCEPTION WHEN DUP_VAL_ON_INDEX THEN
    UPDATE SETUPCLIENTCHANNELS SET ASSIGNTOUSER='0' WHERE CLIENTSETUPID='2' AND CHANNELID='7';
END;END;
/
DECLARE n Number;
BEGIN
BEGIN
    INSERT INTO SETUPCLIENTCHANNELS (CLIENTSETUPID,CHANNELID,ASSIGNTOUSER)
    VALUES ('2','41','0');
EXCEPTION WHEN DUP_VAL_ON_INDEX THEN
    UPDATE SETUPCLIENTCHANNELS SET ASSIGNTOUSER='0' WHERE CLIENTSETUPID='2' AND CHANNELID='41';
END;END;
/
PROMPT /* ------------ CATALOG DEFINITION SETUPCLIENTRIGHTPROFILES ------------ */
DECLARE n Number;
BEGIN
BEGIN
  INSERT INTO CATALOG(CODE,TIMEBASED,PRIMARYKEYATTRIBUTENAMES,ORDERBYATTRIBUTENAMES,COMMONTABLEUSED,EDITABILITYMODE,ENTITYVERSIONATTRIBUTENAME)
  VALUES ('SETUPCLIENTRIGHTPROFILES',0,'CLIENTSETUPID,RIGHTSUBSETID','ClientSetupId,RightSubsetId',0,'N','EntityTimestamp');
EXCEPTION WHEN DUP_VAL_ON_INDEX THEN
  UPDATE CATALOG SET TIMEBASED=0,PRIMARYKEYATTRIBUTENAMES='CLIENTSETUPID,RIGHTSUBSETID',ORDERBYATTRIBUTENAMES='ClientSetupId,RightSubsetId',
    COMMONTABLEUSED=0,EDITABILITYMODE='N',ENTITYVERSIONATTRIBUTENAME='EntityTimestamp'
  WHERE CODE='SETUPCLIENTRIGHTPROFILES';
END;
  SELECT DISTINCT B.textID INTO n FROM CATALOG A, (SELECT textID FROM TEXTS) B WHERE A.textID=B.textID(+) and CODE='SETUPCLIENTRIGHTPROFILES';
  IF n IS NULL THEN
    n:=getnexttextid('');
    UPDATE CATALOG SET textID=n WHERE CODE='SETUPCLIENTRIGHTPROFILES';
  end if;
  multi_lang_txt(n,'DEFAULT','en',UTL_RAW.Cast_To_Varchar2(HexToRaw('436C69656E742053657475702052696768742050726F66696C657320436F6E66696775726174696F6E')));
END;
/
PROMPT /* ------------ CATALOG CLEANUP DELETE ------------ */
DELETE FROM SETUPCLIENTRIGHTPROFILES;

PROMPT /* ------------ CATALOG VALUES ------------ */
DECLARE n Number;
m Number;
BEGIN
BEGIN
    INSERT INTO SETUPCLIENTRIGHTPROFILES (CLIENTSETUPID,RIGHTSUBSETID,DEFAULTPROFILE,ADDNEWACCOUNT,NEWACCOUNTRIGHTSUBSETID,CONTAINSPASSIVERIGHTSONLY)
    VALUES ('1','1','1','1','1','0');
EXCEPTION WHEN DUP_VAL_ON_INDEX THEN
    UPDATE SETUPCLIENTRIGHTPROFILES SET DEFAULTPROFILE='1',ADDNEWACCOUNT='1',NEWACCOUNTRIGHTSUBSETID='1',CONTAINSPASSIVERIGHTSONLY='0' WHERE CLIENTSETUPID='1' AND RIGHTSUBSETID='1';
END;
SELECT DISTINCT B.textID INTO n FROM SETUPCLIENTRIGHTPROFILES A, (SELECT textID FROM TEXTS) B WHERE A.ProfileNametextID=B.textID(+) and CLIENTSETUPID='1' AND RIGHTSUBSETID='1';
SELECT DISTINCT B.textID INTO m FROM SETUPCLIENTRIGHTPROFILES A, (SELECT textID FROM TEXTS) B WHERE A.ProfileDescriptiontextID=B.textID(+) and CLIENTSETUPID='1' AND RIGHTSUBSETID='1';
IF n IS NULL THEN
    n:=getnexttextid('');
    UPDATE SETUPCLIENTRIGHTPROFILES SET ProfileNametextID=n WHERE CLIENTSETUPID='1' AND RIGHTSUBSETID='1';
END IF;
IF m IS NULL THEN
    m:=getnexttextid('');
    UPDATE SETUPCLIENTRIGHTPROFILES SET ProfileDescriptiontextID=m WHERE CLIENTSETUPID='1' AND RIGHTSUBSETID='1';
END IF;
    multi_lang_txt(n,'DEFAULT','cs',UTL_RAW.Cast_To_Varchar2(HexToRaw('44656661756C746EC3AD2070726F66696C')));
    multi_lang_txt(n,'DEFAULT','sk',UTL_RAW.Cast_To_Varchar2(HexToRaw('44656661756C746EC3BD2070726F66696C')));
    multi_lang_txt(n,'DEFAULT','en',UTL_RAW.Cast_To_Varchar2(HexToRaw('44656661756C742050726F66696C65'))); 
    multi_lang_txt(m,'DEFAULT','cs',UTL_RAW.Cast_To_Varchar2(HexToRaw('4175746F6D617469636B7920767974766FC599656EC3BD2070726F66696C207320706C6EC3BD6D69207072C3A17679')));
    multi_lang_txt(m,'DEFAULT','sk',UTL_RAW.Cast_To_Varchar2(HexToRaw('4175746F6D617469636B7920767974766F72656EC3BD2070726F66696C207320706C6EC3BD6D69207072C3A176616D69')));
    multi_lang_txt(m,'DEFAULT','en',UTL_RAW.Cast_To_Varchar2(HexToRaw('4175746F6D61746963616C6C7920637265617465642070726F66696C6520776974682066756C6C20726967687473')));
END;
/
DECLARE n Number;
m Number;
BEGIN
BEGIN
    INSERT INTO SETUPCLIENTRIGHTPROFILES (CLIENTSETUPID,RIGHTSUBSETID,DEFAULTPROFILE,ADDNEWACCOUNT,NEWACCOUNTRIGHTSUBSETID,CONTAINSPASSIVERIGHTSONLY)
    VALUES ('2','1','1','1','1','0');
EXCEPTION WHEN DUP_VAL_ON_INDEX THEN
    UPDATE SETUPCLIENTRIGHTPROFILES SET DEFAULTPROFILE='1',ADDNEWACCOUNT='1',NEWACCOUNTRIGHTSUBSETID='1',CONTAINSPASSIVERIGHTSONLY='0' WHERE CLIENTSETUPID='2' AND RIGHTSUBSETID='1';
END;
SELECT DISTINCT B.textID INTO n FROM SETUPCLIENTRIGHTPROFILES A, (SELECT textID FROM TEXTS) B WHERE A.ProfileNametextID=B.textID(+) and CLIENTSETUPID='2' AND RIGHTSUBSETID='1';
SELECT DISTINCT B.textID INTO m FROM SETUPCLIENTRIGHTPROFILES A, (SELECT textID FROM TEXTS) B WHERE A.ProfileDescriptiontextID=B.textID(+) and CLIENTSETUPID='2' AND RIGHTSUBSETID='1';
IF n IS NULL THEN
    n:=getnexttextid('');
    UPDATE SETUPCLIENTRIGHTPROFILES SET ProfileNametextID=n WHERE CLIENTSETUPID='2' AND RIGHTSUBSETID='1';
END IF;
IF m IS NULL THEN
    m:=getnexttextid('');
    UPDATE SETUPCLIENTRIGHTPROFILES SET ProfileDescriptiontextID=m WHERE CLIENTSETUPID='2' AND RIGHTSUBSETID='1';
END IF;
    multi_lang_txt(n,'DEFAULT','cs',UTL_RAW.Cast_To_Varchar2(HexToRaw('506C6EC3A1207072C3A17661')));
    multi_lang_txt(n,'DEFAULT','sk',UTL_RAW.Cast_To_Varchar2(HexToRaw('506C6EC3A9207072C3A17661')));
    multi_lang_txt(n,'DEFAULT','en',UTL_RAW.Cast_To_Varchar2(HexToRaw('46756C6C20526967687473')));
    multi_lang_txt(m,'DEFAULT','cs',UTL_RAW.Cast_To_Varchar2(HexToRaw('4175746F6D617469636B7920767974766FC599656EC3BD2070726F66696C207320706C6EC3BD6D69207072C3A17679')));
    multi_lang_txt(m,'DEFAULT','sk',UTL_RAW.Cast_To_Varchar2(HexToRaw('4175746F6D617469636B7920767974766F72656EC3BD2070726F66696C207320706C6EC3BD6D69207072C3A176616D69')));
    multi_lang_txt(m,'DEFAULT','en',UTL_RAW.Cast_To_Varchar2(HexToRaw('4175746F6D61746963616C6C7920637265617465642070726F66696C6520776974682066756C6C20726967687473'))); END; 
/
DECLARE n Number;
m Number;
BEGIN
BEGIN
    INSERT INTO SETUPCLIENTRIGHTPROFILES (CLIENTSETUPID,RIGHTSUBSETID,DEFAULTPROFILE,ADDNEWACCOUNT,NEWACCOUNTRIGHTSUBSETID,CONTAINSPASSIVERIGHTSONLY)
    VALUES ('2','2','0','1','2','1');
EXCEPTION WHEN DUP_VAL_ON_INDEX THEN
    UPDATE SETUPCLIENTRIGHTPROFILES SET DEFAULTPROFILE='0',ADDNEWACCOUNT='1',NEWACCOUNTRIGHTSUBSETID='2',CONTAINSPASSIVERIGHTSONLY='1' WHERE CLIENTSETUPID='2' AND RIGHTSUBSETID='2';
END;
SELECT DISTINCT B.textID INTO n FROM SETUPCLIENTRIGHTPROFILES A, (SELECT textID FROM TEXTS) B WHERE A.ProfileNametextID=B.textID(+) and CLIENTSETUPID='2' AND RIGHTSUBSETID='2';
SELECT DISTINCT B.textID INTO m FROM SETUPCLIENTRIGHTPROFILES A, (SELECT textID FROM TEXTS) B WHERE A.ProfileDescriptiontextID=B.textID(+) and CLIENTSETUPID='2' AND RIGHTSUBSETID='2';
IF n IS NULL THEN
    n:=getnexttextid('');
    UPDATE SETUPCLIENTRIGHTPROFILES SET ProfileNametextID=n WHERE CLIENTSETUPID='2' AND RIGHTSUBSETID='2';
END IF;
IF m IS NULL THEN
    m:=getnexttextid('');
    UPDATE SETUPCLIENTRIGHTPROFILES SET ProfileDescriptiontextID=m WHERE CLIENTSETUPID='2' AND RIGHTSUBSETID='2';
END IF;
    multi_lang_txt(n,'DEFAULT','cs',UTL_RAW.Cast_To_Varchar2(HexToRaw('50617369766EC3AD207072C3A17661')));
    multi_lang_txt(n,'DEFAULT','sk',UTL_RAW.Cast_To_Varchar2(HexToRaw('506173C3AD766E65207072C3A17661')));
    multi_lang_txt(n,'DEFAULT','en',UTL_RAW.Cast_To_Varchar2(HexToRaw('5061737369766520526967687473')));
    multi_lang_txt(m,'DEFAULT','cs',UTL_RAW.Cast_To_Varchar2(HexToRaw('4175746F6D617469636B7920767974766FC599656EC3BD2070726F66696C20732070617369766EC3AD6D69207072C3A17679')));
    multi_lang_txt(m,'DEFAULT','sk',UTL_RAW.Cast_To_Varchar2(HexToRaw('4175746F6D617469636B7920767974766F72656EC3BD2070726F66696C207320706173C3AD766E796D69207072C3A176616D69')));
    multi_lang_txt(m,'DEFAULT','en',UTL_RAW.Cast_To_Varchar2(HexToRaw('4175746F6D61746963616C6C7920637265617465642070726F66696C652077697468207061737369766520726967687473'))); END;
/
PROMPT /* ------------ CATALOG DEFINITION SETUPCLIENTSIGNROLES ------------ */
DECLARE n Number;
BEGIN
BEGIN
  INSERT INTO CATALOG(CODE,TIMEBASED,PRIMARYKEYATTRIBUTENAMES,ORDERBYATTRIBUTENAMES,COMMONTABLEUSED,EDITABILITYMODE,ENTITYVERSIONATTRIBUTENAME)
  VALUES ('SETUPCLIENTSIGNROLES',0,'CLIENTSETUPID,SIGNROLEID','ClientSetupId,SignRoleId',0,'N','EntityTimestamp');
EXCEPTION WHEN DUP_VAL_ON_INDEX THEN
  UPDATE CATALOG SET TIMEBASED=0,PRIMARYKEYATTRIBUTENAMES='CLIENTSETUPID,SIGNROLEID',ORDERBYATTRIBUTENAMES='ClientSetupId,SignRoleId',
    COMMONTABLEUSED=0,EDITABILITYMODE='N',ENTITYVERSIONATTRIBUTENAME='EntityTimestamp'
  WHERE CODE='SETUPCLIENTSIGNROLES';
END;
  SELECT DISTINCT B.textID INTO n FROM CATALOG A, (SELECT textID FROM TEXTS) B WHERE A.textID=B.textID(+) and CODE='SETUPCLIENTSIGNROLES';
  IF n IS NULL THEN
    n:=getnexttextid('');
    UPDATE CATALOG SET textID=n WHERE CODE='SETUPCLIENTSIGNROLES';
  end if;
  multi_lang_txt(n,'DEFAULT','en',UTL_RAW.Cast_To_Varchar2(HexToRaw('436C69656E74205365747570205369676E696E6720526F6C657320436F6E66696775726174696F6E')));
END;
/
PROMPT /* ------------ CATALOG CLEANUP DELETE ------------ */
DELETE FROM SETUPCLIENTSIGNROLES;

PROMPT /* ------------ CATALOG VALUES ------------ */
DECLARE n Number;
BEGIN
BEGIN
    INSERT INTO SETUPCLIENTSIGNROLES (CLIENTSETUPID,SIGNROLEID)
    VALUES ('1','1');
EXCEPTION WHEN DUP_VAL_ON_INDEX THEN
    null;
END;END;
/
DECLARE n Number;
BEGIN
BEGIN
    INSERT INTO SETUPCLIENTSIGNROLES (CLIENTSETUPID,SIGNROLEID)
    VALUES ('2','1');
EXCEPTION WHEN DUP_VAL_ON_INDEX THEN
    null;
END;END;
/
DECLARE n Number;
BEGIN
BEGIN
    INSERT INTO SETUPCLIENTSIGNROLES (CLIENTSETUPID,SIGNROLEID)
    VALUES ('2','2');
EXCEPTION WHEN DUP_VAL_ON_INDEX THEN
    null;
END;END;
/
PROMPT /* ------------ CATALOG DEFINITION BEHAVIOURS ------------ */
DECLARE n Number;
BEGIN
BEGIN
  INSERT INTO CATALOG(CODE,TIMEBASED,PRIMARYKEYATTRIBUTENAMES,ORDERBYATTRIBUTENAMES,COMMONTABLEUSED,EDITABILITYMODE,ENTITYVERSIONATTRIBUTENAME)
  VALUES ('BEHAVIOURS',0,'BEHAVIOURID','BehaviourId',0,'N',null);
EXCEPTION WHEN DUP_VAL_ON_INDEX THEN
  UPDATE CATALOG SET TIMEBASED=0,PRIMARYKEYATTRIBUTENAMES='BEHAVIOURID',ORDERBYATTRIBUTENAMES='BehaviourId',
    COMMONTABLEUSED=0,EDITABILITYMODE='N',ENTITYVERSIONATTRIBUTENAME=null
  WHERE CODE='BEHAVIOURS';
END;
  SELECT DISTINCT B.textID INTO n FROM CATALOG A, (SELECT textID FROM TEXTS) B WHERE A.textID=B.textID(+) and CODE='BEHAVIOURS';
  IF n IS NULL THEN
    n:=getnexttextid('');
    UPDATE CATALOG SET textID=n WHERE CODE='BEHAVIOURS';
  end if;
  multi_lang_txt(n,'DEFAULT','en',UTL_RAW.Cast_To_Varchar2(HexToRaw('4265686176696F757273')));
END;
/
PROMPT /* ------------ CATALOG CLEANUP DELETE ------------ */
DELETE FROM BEHAVIOURS;

PROMPT /* ------------ CATALOG VALUES ------------ */
DECLARE n Number;
BEGIN
BEGIN
    INSERT INTO BEHAVIOURS (BEHAVIOURID,STATUSID,CODE,CHANNELID,AVAILABLEFORUSER,AVAILABLEFORCLIENT,AVAILABLEFOROPERATOR)
    VALUES ('11','1','RIGHTSONLYFORGROUPS','11','0','0','1');
EXCEPTION WHEN DUP_VAL_ON_INDEX THEN
    UPDATE BEHAVIOURS SET STATUSID='1',CODE='RIGHTSONLYFORGROUPS',CHANNELID='11',AVAILABLEFORUSER='0',AVAILABLEFORCLIENT='0',AVAILABLEFOROPERATOR='1' WHERE BEHAVIOURID='11';
END;SELECT DISTINCT B.textID INTO n FROM BEHAVIOURS A, (SELECT textID FROM TEXTS) B WHERE A.textID=B.textID(+) and BEHAVIOURID='11';
IF n IS NULL THEN
    n:=getnexttextid('');
    UPDATE BEHAVIOURS SET textID=n WHERE BEHAVIOURID='11';
END IF;
    multi_lang_txt(n,'DEFAULT','cs',UTL_RAW.Cast_To_Varchar2(HexToRaw('45646974616365207072C3A17620706F757A652070C599657320736B7570696E7920284B6C69656E74736BC3A1207072C3A176612C2050726F66696C79207072C3A1762C20506F647069736F76C3A1207072617669646C6129')));
    multi_lang_txt(n,'DEFAULT','sk',UTL_RAW.Cast_To_Varchar2(HexToRaw('45646974C3A1636961207072C3A176206962612063657A20736B7570696E7920284B6C69656E74736B61207072C3A176612C2050726F66696C79207072C3A1762C20506F647069736F76C3A1207072617669646CC3A129')));
    multi_lang_txt(n,'DEFAULT','en',UTL_RAW.Cast_To_Varchar2(HexToRaw('45646974696E67206F6620726967687473206F6E6C79206F7665722067726F7570732028436C69656E74207269676874732C2052696768742070726F66696C65732C205369676E696E672072756C657329')));
END;
/
DECLARE n Number;
BEGIN
BEGIN
    INSERT INTO BEHAVIOURS (BEHAVIOURID,STATUSID,CODE,CHANNELID,AVAILABLEFORUSER,AVAILABLEFORCLIENT,AVAILABLEFOROPERATOR)
    VALUES ('12','1','RIGHTSONLYWITHSETS','11','0','0','1');
EXCEPTION WHEN DUP_VAL_ON_INDEX THEN
    UPDATE BEHAVIOURS SET STATUSID='1',CODE='RIGHTSONLYWITHSETS',CHANNELID='11',AVAILABLEFORUSER='0',AVAILABLEFORCLIENT='0',AVAILABLEFOROPERATOR='1' WHERE BEHAVIOURID='12';
END;SELECT DISTINCT B.textID INTO n FROM BEHAVIOURS A, (SELECT textID FROM TEXTS) B WHERE A.textID=B.textID(+) and BEHAVIOURID='12';
IF n IS NULL THEN
    n:=getnexttextid('');
    UPDATE BEHAVIOURS SET textID=n WHERE BEHAVIOURID='12';
END IF;
    multi_lang_txt(n,'DEFAULT','cs',UTL_RAW.Cast_To_Varchar2(HexToRaw('45646974616365207072C3A17620706F757A652070C599657320696E696369616C697A61C48D6EC3AD2073616479202850726F66696C79207072C3A17629')));
    multi_lang_txt(n,'DEFAULT','sk',UTL_RAW.Cast_To_Varchar2(HexToRaw('45646974C3A1636961207072C3A176206962612063657A20696E696369616C697A61C48D6E652073616479202850726F66696C79207072C3A17629')));
    multi_lang_txt(n,'DEFAULT','en',UTL_RAW.Cast_To_Varchar2(HexToRaw('45646974696E67206F6620726967687473206F6E6C79206F76657220696E697469616C697A6174696F6E2073657473202852696768742070726F66696C657329')));
END;
/
DECLARE n Number;
BEGIN
BEGIN
    INSERT INTO BEHAVIOURS (BEHAVIOURID,STATUSID,CODE,CHANNELID,AVAILABLEFORUSER,AVAILABLEFORCLIENT,AVAILABLEFOROPERATOR)
    VALUES ('13','1','VIEWCHANNELACCOPER','11','0','0','1');
EXCEPTION WHEN DUP_VAL_ON_INDEX THEN
    UPDATE BEHAVIOURS SET STATUSID='1',CODE='VIEWCHANNELACCOPER',CHANNELID='11',AVAILABLEFORUSER='0',AVAILABLEFORCLIENT='0',AVAILABLEFOROPERATOR='1' WHERE BEHAVIOURID='13';
END;SELECT DISTINCT B.textID INTO n FROM BEHAVIOURS A, (SELECT textID FROM TEXTS) B WHERE A.textID=B.textID(+) and BEHAVIOURID='13';
IF n IS NULL THEN
    n:=getnexttextid('');
    UPDATE BEHAVIOURS SET textID=n WHERE BEHAVIOURID='13';
END IF;
    multi_lang_txt(n,'DEFAULT','cs',UTL_RAW.Cast_To_Varchar2(HexToRaw('446F737475706E6F737420706F686C656475204B616EC3A16C2DC39AC48D65742D4F7065726163652070726F2050726F66696C207072C3A176')));
    multi_lang_txt(n,'DEFAULT','sk',UTL_RAW.Cast_To_Varchar2(HexToRaw('446F737475706E6F73C5A520706F68C4BE616475204B616EC3A16C2DC39AC48D65742D4F706572C3A1636961207072652050726F66696C207072C3A176')));
    multi_lang_txt(n,'DEFAULT','en',UTL_RAW.Cast_To_Varchar2(HexToRaw('417661696C6162696C697479206F662076696577204368616E6E656C2D4163636F756E742D4F7065726174696F6E20666F722052696768742070726F66696C65')));
END;
/
DECLARE n Number;
BEGIN
BEGIN
    INSERT INTO BEHAVIOURS (BEHAVIOURID,STATUSID,CODE,CHANNELID,AVAILABLEFORUSER,AVAILABLEFORCLIENT,AVAILABLEFOROPERATOR)
    VALUES ('14','1','VIEWCHANNELOPERACC','11','0','0','1');
EXCEPTION WHEN DUP_VAL_ON_INDEX THEN
    UPDATE BEHAVIOURS SET STATUSID='1',CODE='VIEWCHANNELOPERACC',CHANNELID='11',AVAILABLEFORUSER='0',AVAILABLEFORCLIENT='0',AVAILABLEFOROPERATOR='1' WHERE BEHAVIOURID='14';
END;SELECT DISTINCT B.textID INTO n FROM BEHAVIOURS A, (SELECT textID FROM TEXTS) B WHERE A.textID=B.textID(+) and BEHAVIOURID='14';
IF n IS NULL THEN
    n:=getnexttextid('');
    UPDATE BEHAVIOURS SET textID=n WHERE BEHAVIOURID='14';
END IF;
    multi_lang_txt(n,'DEFAULT','cs',UTL_RAW.Cast_To_Varchar2(HexToRaw('446F737475706E6F737420706F686C656475204B616EC3A16C2D4F7065726163652DC39AC48D65742070726F2050726F66696C207072C3A176')));
    multi_lang_txt(n,'DEFAULT','sk',UTL_RAW.Cast_To_Varchar2(HexToRaw('446F737475706E6F73C5A520706F68C4BE616475204B616EC3A16C2D4F706572C3A16369612DC39AC48D6574207072652050726F66696C207072C3A176')));
    multi_lang_txt(n,'DEFAULT','en',UTL_RAW.Cast_To_Varchar2(HexToRaw('417661696C6162696C697479206F662076696577204368616E6E656C2D4F7065726174696F6E2D4163636F756E7420666F722052696768742070726F66696C65')));
END;
/
DECLARE n Number;
BEGIN
BEGIN
    INSERT INTO BEHAVIOURS (BEHAVIOURID,STATUSID,CODE,CHANNELID,AVAILABLEFORUSER,AVAILABLEFORCLIENT,AVAILABLEFOROPERATOR)
    VALUES ('15','1','VIEWACCOPERCHANNEL','11','0','0','1');
EXCEPTION WHEN DUP_VAL_ON_INDEX THEN
    UPDATE BEHAVIOURS SET STATUSID='1',CODE='VIEWACCOPERCHANNEL',CHANNELID='11',AVAILABLEFORUSER='0',AVAILABLEFORCLIENT='0',AVAILABLEFOROPERATOR='1' WHERE BEHAVIOURID='15';
END;SELECT DISTINCT B.textID INTO n FROM BEHAVIOURS A, (SELECT textID FROM TEXTS) B WHERE A.textID=B.textID(+) and BEHAVIOURID='15';
IF n IS NULL THEN
    n:=getnexttextid('');
    UPDATE BEHAVIOURS SET textID=n WHERE BEHAVIOURID='15';
END IF;
    multi_lang_txt(n,'DEFAULT','cs',UTL_RAW.Cast_To_Varchar2(HexToRaw('446F737475706E6F737420706F686C65647520C39AC48D65742D4F7065726163652D4B616EC3A16C2070726F2050726F66696C207072C3A176')));
    multi_lang_txt(n,'DEFAULT','sk',UTL_RAW.Cast_To_Varchar2(HexToRaw('446F737475706E6F73C5A520706F68C4BE61647520C39AC48D65742D4F706572C3A16369612D4B616EC3A16C207072652050726F66696C207072C3A176')));
    multi_lang_txt(n,'DEFAULT','en',UTL_RAW.Cast_To_Varchar2(HexToRaw('417661696C6162696C697479206F662076696577204163636F756E742D4F7065726174696F6E2D4368616E6E656C20666F722052696768742070726F66696C65')));
END;
/
DECLARE n Number;
BEGIN
BEGIN
    INSERT INTO BEHAVIOURS (BEHAVIOURID,STATUSID,CODE,CHANNELID,AVAILABLEFORUSER,AVAILABLEFORCLIENT,AVAILABLEFOROPERATOR)
    VALUES ('16','1','COMPLEXCONTRACT','11','0','0','1');
EXCEPTION WHEN DUP_VAL_ON_INDEX THEN
    UPDATE BEHAVIOURS SET STATUSID='1',CODE='COMPLEXCONTRACT',CHANNELID='11',AVAILABLEFORUSER='0',AVAILABLEFORCLIENT='0',AVAILABLEFOROPERATOR='1' WHERE BEHAVIOURID='16';
END;SELECT DISTINCT B.textID INTO n FROM BEHAVIOURS A, (SELECT textID FROM TEXTS) B WHERE A.textID=B.textID(+) and BEHAVIOURID='16';
IF n IS NULL THEN
    n:=getnexttextid('');
    UPDATE BEHAVIOURS SET textID=n WHERE BEHAVIOURID='16';
END IF;
    multi_lang_txt(n,'DEFAULT','cs',UTL_RAW.Cast_To_Varchar2(HexToRaw('446F737475706E6F7374207469736B75206B6F6D706C65786EC3AD636820736D6C7576')));
    multi_lang_txt(n,'DEFAULT','sk',UTL_RAW.Cast_To_Varchar2(HexToRaw('446F737475706E6F73C5A520746C61C48D65206B6F6D706C65786EC3BD6368207A6D6CC3BA76')));
    multi_lang_txt(n,'DEFAULT','en',UTL_RAW.Cast_To_Varchar2(HexToRaw('417661696C6162696C697479206F66207072696E74696E67206F6620636F6D706C657820636F6E747261637473')));
END;
/
PROMPT /* ------------ CATALOG DEFINITION CLIENTACCOUNTRESTRICTIONTYPES ------------ */
DECLARE n Number;
BEGIN
BEGIN
  INSERT INTO CATALOG(CODE,TIMEBASED,PRIMARYKEYATTRIBUTENAMES,ORDERBYATTRIBUTENAMES,COMMONTABLEUSED,EDITABILITYMODE,ENTITYVERSIONATTRIBUTENAME)
  VALUES ('CLIENTACCOUNTRESTRICTIONTYPES',0,'RESTRICTIONNAME','RestrictionName',0,'N',null);
EXCEPTION WHEN DUP_VAL_ON_INDEX THEN
  UPDATE CATALOG SET TIMEBASED=0,PRIMARYKEYATTRIBUTENAMES='RESTRICTIONNAME',ORDERBYATTRIBUTENAMES='RestrictionName',
    COMMONTABLEUSED=0,EDITABILITYMODE='N',ENTITYVERSIONATTRIBUTENAME=null
  WHERE CODE='CLIENTACCOUNTRESTRICTIONTYPES';
END;
  SELECT DISTINCT B.textID INTO n FROM CATALOG A, (SELECT textID FROM TEXTS) B WHERE A.textID=B.textID(+) and CODE='CLIENTACCOUNTRESTRICTIONTYPES';
  IF n IS NULL THEN
    n:=getnexttextid('');
    UPDATE CATALOG SET textID=n WHERE CODE='CLIENTACCOUNTRESTRICTIONTYPES';
  end if;
  multi_lang_txt(n,'DEFAULT','en',UTL_RAW.Cast_To_Varchar2(HexToRaw('436C69656E74204163636F756E74205265737472696374696F6E205479706573')));
END;
/
PROMPT /* ------------ CATALOG CLEANUP DELETE ------------ */
DELETE FROM CLIENTACCOUNTRESTRICTIONTYPES;

PROMPT /* ------------ CATALOG VALUES ------------ */
DECLARE n Number;
BEGIN
BEGIN
    INSERT INTO CLIENTACCOUNTRESTRICTIONTYPES (RESTRICTIONNAME,DATATYPE,MAXCOUNT,USERRELATION,ONEOFGROUPID)
    VALUES ('ALLOWED_BIC','BIC',NULL,'0','1');
EXCEPTION WHEN DUP_VAL_ON_INDEX THEN
    UPDATE CLIENTACCOUNTRESTRICTIONTYPES SET DATATYPE='BIC',MAXCOUNT=NULL,USERRELATION='0',ONEOFGROUPID='1' WHERE RESTRICTIONNAME='ALLOWED_BIC';
END;SELECT DISTINCT B.textID INTO n FROM CLIENTACCOUNTRESTRICTIONTYPES A, (SELECT textID FROM TEXTS) B WHERE A.textID=B.textID(+) and RESTRICTIONNAME='ALLOWED_BIC';
IF n IS NULL THEN
    n:=getnexttextid('');
    UPDATE CLIENTACCOUNTRESTRICTIONTYPES SET textID=n WHERE RESTRICTIONNAME='ALLOWED_BIC';
END IF;
    multi_lang_txt(n,'DEFAULT','cs',UTL_RAW.Cast_To_Varchar2(HexToRaw('506F766F6C656EC3BD206BC3B3642063C3AD6C6F76C3A92062616E6B79202D20424943')));
    multi_lang_txt(n,'DEFAULT','sk',UTL_RAW.Cast_To_Varchar2(HexToRaw('506F766F6C656EC3BD206BC3B36420636965C4BE6F76656A2062616E6B79202D20424943')));
    multi_lang_txt(n,'DEFAULT','en',UTL_RAW.Cast_To_Varchar2(HexToRaw('416C6C6F776564207461726765742062616E6B202D20424943')));
END;
/
DECLARE n Number;
BEGIN
BEGIN
    INSERT INTO CLIENTACCOUNTRESTRICTIONTYPES (RESTRICTIONNAME,DATATYPE,MAXCOUNT,USERRELATION,ONEOFGROUPID)
    VALUES ('ALLOWED_IBAN','IBAN',NULL,'0','1');
EXCEPTION WHEN DUP_VAL_ON_INDEX THEN
    UPDATE CLIENTACCOUNTRESTRICTIONTYPES SET DATATYPE='IBAN',MAXCOUNT=NULL,USERRELATION='0',ONEOFGROUPID='1' WHERE RESTRICTIONNAME='ALLOWED_IBAN';
END;SELECT DISTINCT B.textID INTO n FROM CLIENTACCOUNTRESTRICTIONTYPES A, (SELECT textID FROM TEXTS) B WHERE A.textID=B.textID(+) and RESTRICTIONNAME='ALLOWED_IBAN';
IF n IS NULL THEN
    n:=getnexttextid('');
    UPDATE CLIENTACCOUNTRESTRICTIONTYPES SET textID=n WHERE RESTRICTIONNAME='ALLOWED_IBAN';
END IF;
    multi_lang_txt(n,'DEFAULT','cs',UTL_RAW.Cast_To_Varchar2(HexToRaw('506F766F6C656EC3A920C48DC3AD736C6F2063C3AD6C6F76C3A9686F20C3BAC48D7475202D204942414E')));
    multi_lang_txt(n,'DEFAULT','sk',UTL_RAW.Cast_To_Varchar2(HexToRaw('506F766F6C656EC3A920C48DC3AD736C6F20636965C4BE6F76C3A9686F20C3BAC48D7475202D204942414E')));
    multi_lang_txt(n,'DEFAULT','en',UTL_RAW.Cast_To_Varchar2(HexToRaw('416C6C6F7765642064657374696E6174696F6E206163636F756E74206E756D626572202D204942414E')));
END;
/
DECLARE n Number;
BEGIN
BEGIN
    INSERT INTO CLIENTACCOUNTRESTRICTIONTYPES (RESTRICTIONNAME,DATATYPE,MAXCOUNT,USERRELATION,ONEOFGROUPID)
    VALUES ('ALLOWED_FROM','FUTUREDATE',NULL,'1',NULL);
EXCEPTION WHEN DUP_VAL_ON_INDEX THEN
    UPDATE CLIENTACCOUNTRESTRICTIONTYPES SET DATATYPE='FUTUREDATE',MAXCOUNT=NULL,USERRELATION='1',ONEOFGROUPID=NULL WHERE RESTRICTIONNAME='ALLOWED_FROM';
END;SELECT DISTINCT B.textID INTO n FROM CLIENTACCOUNTRESTRICTIONTYPES A, (SELECT textID FROM TEXTS) B WHERE A.textID=B.textID(+) and RESTRICTIONNAME='ALLOWED_FROM';
IF n IS NULL THEN
    n:=getnexttextid('');
    UPDATE CLIENTACCOUNTRESTRICTIONTYPES SET textID=n WHERE RESTRICTIONNAME='ALLOWED_FROM';
END IF;
    multi_lang_txt(n,'DEFAULT','cs',UTL_RAW.Cast_To_Varchar2(HexToRaw('50C599C3AD737475702075C5BE69766174656C65206E6120C3BAC48D6574206F642064617461')));
    multi_lang_txt(n,'DEFAULT','sk',UTL_RAW.Cast_To_Varchar2(HexToRaw('5072C3AD7374757020706F75C5BEC3AD76617465C4BE61206E6120C3BAC48D6574206F642064C3A174756D75')));
    multi_lang_txt(n,'DEFAULT','en',UTL_RAW.Cast_To_Varchar2(HexToRaw('557365722061636365737320746F206163636F756E742066726F6D207468652064617465')));
END;
/
DECLARE n Number;
BEGIN
BEGIN
    INSERT INTO CLIENTACCOUNTRESTRICTIONTYPES (RESTRICTIONNAME,DATATYPE,MAXCOUNT,USERRELATION,ONEOFGROUPID)
    VALUES ('ALLOWED_LIFE','NOVALUE',NULL,'1',NULL);
EXCEPTION WHEN DUP_VAL_ON_INDEX THEN
    UPDATE CLIENTACCOUNTRESTRICTIONTYPES SET DATATYPE='NOVALUE',MAXCOUNT=NULL,USERRELATION='1',ONEOFGROUPID=NULL WHERE RESTRICTIONNAME='ALLOWED_LIFE';
END;SELECT DISTINCT B.textID INTO n FROM CLIENTACCOUNTRESTRICTIONTYPES A, (SELECT textID FROM TEXTS) B WHERE A.textID=B.textID(+) and RESTRICTIONNAME='ALLOWED_LIFE';
IF n IS NULL THEN
    n:=getnexttextid('');
    UPDATE CLIENTACCOUNTRESTRICTIONTYPES SET textID=n WHERE RESTRICTIONNAME='ALLOWED_LIFE';
END IF;
    multi_lang_txt(n,'DEFAULT','cs',UTL_RAW.Cast_To_Varchar2(HexToRaw('50C599C3AD737475702075C5BE69766174656C65206E6120C3BAC48D657420706F20C5BE69766F74206D616A6974656C65')));
    multi_lang_txt(n,'DEFAULT','sk',UTL_RAW.Cast_To_Varchar2(HexToRaw('5072C3AD7374757020706F75C5BEC3AD76617465C4BE61206E6120C3BAC48D657420706F20C5BE69766F74206D616A697465C4BE61')));
    multi_lang_txt(n,'DEFAULT','en',UTL_RAW.Cast_To_Varchar2(HexToRaw('557365722061636365737320746F206163636F756E7420666F7220746865206C696665206F66206F776E6572')));
END;
/
DECLARE n Number;
BEGIN
BEGIN
    INSERT INTO CLIENTACCOUNTRESTRICTIONTYPES (RESTRICTIONNAME,DATATYPE,MAXCOUNT,USERRELATION,ONEOFGROUPID)
    VALUES ('ALLOWED_TO','FUTUREDATE',NULL,'1',NULL);
EXCEPTION WHEN DUP_VAL_ON_INDEX THEN
    UPDATE CLIENTACCOUNTRESTRICTIONTYPES SET DATATYPE='FUTUREDATE',MAXCOUNT=NULL,USERRELATION='1',ONEOFGROUPID=NULL WHERE RESTRICTIONNAME='ALLOWED_TO';
END;SELECT DISTINCT B.textID INTO n FROM CLIENTACCOUNTRESTRICTIONTYPES A, (SELECT textID FROM TEXTS) B WHERE A.textID=B.textID(+) and RESTRICTIONNAME='ALLOWED_TO';
IF n IS NULL THEN
    n:=getnexttextid('');
    UPDATE CLIENTACCOUNTRESTRICTIONTYPES SET textID=n WHERE RESTRICTIONNAME='ALLOWED_TO';
END IF;
    multi_lang_txt(n,'DEFAULT','cs',UTL_RAW.Cast_To_Varchar2(HexToRaw('50C599C3AD737475702075C5BE69766174656C65206E6120C3BAC48D657420646F2064617461')));
    multi_lang_txt(n,'DEFAULT','sk',UTL_RAW.Cast_To_Varchar2(HexToRaw('5072C3AD7374757020706F75C5BEC3AD76617465C4BE61206E6120C3BAC48D657420646F2064C3A174756D75')));
    multi_lang_txt(n,'DEFAULT','en',UTL_RAW.Cast_To_Varchar2(HexToRaw('557365722061636365737320746F206163636F756E7420746F207468652064617465')));
END;
/
DECLARE n Number;
BEGIN
BEGIN
    INSERT INTO CLIENTACCOUNTRESTRICTIONTYPES (RESTRICTIONNAME,DATATYPE,MAXCOUNT,USERRELATION,ONEOFGROUPID)
    VALUES ('PERIODLIMIT_101','AMOUNTACCCCY',NULL,'0',NULL);
EXCEPTION WHEN DUP_VAL_ON_INDEX THEN
    UPDATE CLIENTACCOUNTRESTRICTIONTYPES SET DATATYPE='AMOUNTACCCCY',MAXCOUNT=NULL,USERRELATION='0',ONEOFGROUPID=NULL WHERE RESTRICTIONNAME='PERIODLIMIT_101';
END;SELECT DISTINCT B.textID INTO n FROM CLIENTACCOUNTRESTRICTIONTYPES A, (SELECT textID FROM TEXTS) B WHERE A.textID=B.textID(+) and RESTRICTIONNAME='PERIODLIMIT_101';
IF n IS NULL THEN
    n:=getnexttextid('');
    UPDATE CLIENTACCOUNTRESTRICTIONTYPES SET textID=n WHERE RESTRICTIONNAME='PERIODLIMIT_101';
END IF;
    multi_lang_txt(n,'DEFAULT','cs',UTL_RAW.Cast_To_Varchar2(HexToRaw('44656E6EC3AD206C696D6974')));
    multi_lang_txt(n,'DEFAULT','sk',UTL_RAW.Cast_To_Varchar2(HexToRaw('44656E6EC3BD206C696D6974')));
    multi_lang_txt(n,'DEFAULT','en',UTL_RAW.Cast_To_Varchar2(HexToRaw('4461696C79206C696D6974')));
END;
/
PROMPT /* ------------ CATALOG DEFINITION CONTRACTTYPES ------------ */
DECLARE n Number;
BEGIN
BEGIN
  INSERT INTO CATALOG(CODE,TIMEBASED,PRIMARYKEYATTRIBUTENAMES,ORDERBYATTRIBUTENAMES,COMMONTABLEUSED,EDITABILITYMODE,ENTITYVERSIONATTRIBUTENAME)
  VALUES ('CONTRACTTYPES',0,'CONTRACTTYPEID','ContractTypeId',0,'N',null);
EXCEPTION WHEN DUP_VAL_ON_INDEX THEN
  UPDATE CATALOG SET TIMEBASED=0,PRIMARYKEYATTRIBUTENAMES='CONTRACTTYPEID',ORDERBYATTRIBUTENAMES='ContractTypeId',
    COMMONTABLEUSED=0,EDITABILITYMODE='N',ENTITYVERSIONATTRIBUTENAME=null
  WHERE CODE='CONTRACTTYPES';
END;
  SELECT DISTINCT B.textID INTO n FROM CATALOG A, (SELECT textID FROM TEXTS) B WHERE A.textID=B.textID(+) and CODE='CONTRACTTYPES';
  IF n IS NULL THEN
    n:=getnexttextid('');
    UPDATE CATALOG SET textID=n WHERE CODE='CONTRACTTYPES';
  end if;
  multi_lang_txt(n,'DEFAULT','en',UTL_RAW.Cast_To_Varchar2(HexToRaw('436F6E7472616374205479706573')));
END;
/
PROMPT /* ------------ CATALOG CLEANUP DELETE ------------ */
DELETE FROM CONTRACTTYPES;

PROMPT /* ------------ CATALOG VALUES ------------ */
PROMPT /* ------------ CATALOG DEFINITION ATTACHMENTTYPES ------------ */
DECLARE n Number;
BEGIN
BEGIN
  INSERT INTO CATALOG(CODE,TIMEBASED,PRIMARYKEYATTRIBUTENAMES,ORDERBYATTRIBUTENAMES,COMMONTABLEUSED,EDITABILITYMODE,ENTITYVERSIONATTRIBUTENAME)
  VALUES ('ATTACHMENTTYPES',0,'ATTTYPEID','AttTypeId',0,'N',null);
EXCEPTION WHEN DUP_VAL_ON_INDEX THEN
  UPDATE CATALOG SET TIMEBASED=0,PRIMARYKEYATTRIBUTENAMES='ATTTYPEID',ORDERBYATTRIBUTENAMES='AttTypeId',
    COMMONTABLEUSED=0,EDITABILITYMODE='N',ENTITYVERSIONATTRIBUTENAME=null
  WHERE CODE='ATTACHMENTTYPES';
END;
  SELECT DISTINCT B.textID INTO n FROM CATALOG A, (SELECT textID FROM TEXTS) B WHERE A.textID=B.textID(+) and CODE='ATTACHMENTTYPES';
  IF n IS NULL THEN
    n:=getnexttextid('');
    UPDATE CATALOG SET textID=n WHERE CODE='ATTACHMENTTYPES';
  end if;
  multi_lang_txt(n,'DEFAULT','en',UTL_RAW.Cast_To_Varchar2(HexToRaw('4174746163686D656E74205479706573')));
END;
/
PROMPT /* ------------ CATALOG CLEANUP DELETE ------------ */
DELETE FROM ATTACHMENTTYPES;

PROMPT /* ------------ CATALOG VALUES ------------ */
PROMPT /* ------------ CATALOG DEFINITION CONTRACTATTACHMENTS ------------ */
DECLARE n Number;
BEGIN
BEGIN
  INSERT INTO CATALOG(CODE,TIMEBASED,PRIMARYKEYATTRIBUTENAMES,ORDERBYATTRIBUTENAMES,COMMONTABLEUSED,EDITABILITYMODE,ENTITYVERSIONATTRIBUTENAME)
  VALUES ('CONTRACTATTACHMENTS',0,'CONTYPEID,ATTTYPEID','ConTypeId,AttTypeId',0,'N',null);
EXCEPTION WHEN DUP_VAL_ON_INDEX THEN
  UPDATE CATALOG SET TIMEBASED=0,PRIMARYKEYATTRIBUTENAMES='CONTYPEID,ATTTYPEID',ORDERBYATTRIBUTENAMES='ConTypeId,AttTypeId',
    COMMONTABLEUSED=0,EDITABILITYMODE='N',ENTITYVERSIONATTRIBUTENAME=null
  WHERE CODE='CONTRACTATTACHMENTS';
END;
  SELECT DISTINCT B.textID INTO n FROM CATALOG A, (SELECT textID FROM TEXTS) B WHERE A.textID=B.textID(+) and CODE='CONTRACTATTACHMENTS';
  IF n IS NULL THEN
    n:=getnexttextid('');
    UPDATE CATALOG SET textID=n WHERE CODE='CONTRACTATTACHMENTS';
  end if;
  multi_lang_txt(n,'DEFAULT','en',UTL_RAW.Cast_To_Varchar2(HexToRaw('436F6D62696E6174696F6E73206F6620436F6E747261637420616E64204174746163686D656E7473')));
END;
/
PROMPT /* ------------ CATALOG CLEANUP DELETE ------------ */
DELETE FROM CONTRACTATTACHMENTS;

PROMPT /* ------------ CATALOG VALUES ------------ */
PROMPT /* ------------ CATALOG DEFINITION CLIENTCATEGORIES ------------ */
DECLARE n Number;
BEGIN
BEGIN
  INSERT INTO CATALOG(CODE,TIMEBASED,PRIMARYKEYATTRIBUTENAMES,ORDERBYATTRIBUTENAMES,COMMONTABLEUSED,EDITABILITYMODE,ENTITYVERSIONATTRIBUTENAME)
  VALUES ('CLIENTCATEGORIES',0,'CLIENTCATEGID','ClientCategId',0,'N','EntityTimestamp');
EXCEPTION WHEN DUP_VAL_ON_INDEX THEN
  UPDATE CATALOG SET TIMEBASED=0,PRIMARYKEYATTRIBUTENAMES='CLIENTCATEGID',ORDERBYATTRIBUTENAMES='ClientCategId',
    COMMONTABLEUSED=0,EDITABILITYMODE='N',ENTITYVERSIONATTRIBUTENAME='EntityTimestamp'
  WHERE CODE='CLIENTCATEGORIES';
END;
  SELECT DISTINCT B.textID INTO n FROM CATALOG A, (SELECT textID FROM TEXTS) B WHERE A.textID=B.textID(+) and CODE='CLIENTCATEGORIES';
  IF n IS NULL THEN
    n:=getnexttextid('');
    UPDATE CATALOG SET textID=n WHERE CODE='CLIENTCATEGORIES';
  end if;
  multi_lang_txt(n,'DEFAULT','en',UTL_RAW.Cast_To_Varchar2(HexToRaw('436C69656E742043617465676F72696573')));
END;
/
PROMPT /* ------------ CATALOG CLEANUP DELETE ------------ */
DELETE FROM CLIENTCATEGORIES;

PROMPT /* ------------ CATALOG VALUES ------------ */
DECLARE n Number;
BEGIN
BEGIN
    INSERT INTO CLIENTCATEGORIES (CLIENTCATEGID,STATUSID,BISCODE,PARENTCLIENTCATEGID,OPTIONNUM,SIGNRULESALLOWBLOCKEDENTITIES)
    VALUES ('1','1','RETAIL',NULL,'1','0');
EXCEPTION WHEN DUP_VAL_ON_INDEX THEN
    UPDATE CLIENTCATEGORIES SET STATUSID='1',BISCODE='RETAIL',PARENTCLIENTCATEGID=NULL,OPTIONNUM='1',SIGNRULESALLOWBLOCKEDENTITIES='0' WHERE CLIENTCATEGID='1';
END;SELECT DISTINCT B.textID INTO n FROM CLIENTCATEGORIES A, (SELECT textID FROM TEXTS) B WHERE A.textID=B.textID(+) and CLIENTCATEGID='1';
IF n IS NULL THEN
    n:=getnexttextid('');
    UPDATE CLIENTCATEGORIES SET textID=n WHERE CLIENTCATEGID='1';
END IF;
    multi_lang_txt(n,'DEFAULT','cs',UTL_RAW.Cast_To_Varchar2(HexToRaw('52657461696C206B6C69656E7469')));
    multi_lang_txt(n,'DEFAULT','sk',UTL_RAW.Cast_To_Varchar2(HexToRaw('52657461696C206B6C69656E7469')));
    multi_lang_txt(n,'DEFAULT','en',UTL_RAW.Cast_To_Varchar2(HexToRaw('52657461696C20436C69656E7473')));
END;
/
DECLARE n Number;
BEGIN
BEGIN
    INSERT INTO CLIENTCATEGORIES (CLIENTCATEGID,STATUSID,BISCODE,PARENTCLIENTCATEGID,OPTIONNUM,SIGNRULESALLOWBLOCKEDENTITIES)
    VALUES ('2','1','SME',NULL,'2','0');
EXCEPTION WHEN DUP_VAL_ON_INDEX THEN
    UPDATE CLIENTCATEGORIES SET STATUSID='1',BISCODE='SME',PARENTCLIENTCATEGID=NULL,OPTIONNUM='2',SIGNRULESALLOWBLOCKEDENTITIES='0' WHERE CLIENTCATEGID='2';
END;SELECT DISTINCT B.textID INTO n FROM CLIENTCATEGORIES A, (SELECT textID FROM TEXTS) B WHERE A.textID=B.textID(+) and CLIENTCATEGID='2';
IF n IS NULL THEN
    n:=getnexttextid('');
    UPDATE CLIENTCATEGORIES SET textID=n WHERE CLIENTCATEGID='2';
END IF;
    multi_lang_txt(n,'DEFAULT','cs',UTL_RAW.Cast_To_Varchar2(HexToRaw('4D616CC3A9206669726D79')));
    multi_lang_txt(n,'DEFAULT','sk',UTL_RAW.Cast_To_Varchar2(HexToRaw('4D616CC3A9206669726D79')));
    multi_lang_txt(n,'DEFAULT','en',UTL_RAW.Cast_To_Varchar2(HexToRaw('536D616C6C20427573696E6573736573')));
END;
/
DECLARE n Number;
BEGIN
BEGIN
    INSERT INTO CLIENTCATEGORIES (CLIENTCATEGID,STATUSID,BISCODE,PARENTCLIENTCATEGID,OPTIONNUM,SIGNRULESALLOWBLOCKEDENTITIES)
    VALUES ('3','1','CORP',NULL,'3','1');
EXCEPTION WHEN DUP_VAL_ON_INDEX THEN
    UPDATE CLIENTCATEGORIES SET STATUSID='1',BISCODE='CORP',PARENTCLIENTCATEGID=NULL,OPTIONNUM='3',SIGNRULESALLOWBLOCKEDENTITIES='1' WHERE CLIENTCATEGID='3';
END;SELECT DISTINCT B.textID INTO n FROM CLIENTCATEGORIES A, (SELECT textID FROM TEXTS) B WHERE A.textID=B.textID(+) and CLIENTCATEGID='3';
IF n IS NULL THEN
    n:=getnexttextid('');
    UPDATE CLIENTCATEGORIES SET textID=n WHERE CLIENTCATEGID='3';
END IF;
    multi_lang_txt(n,'DEFAULT','cs',UTL_RAW.Cast_To_Varchar2(HexToRaw('56656C6BC3A9206669726D79')));
    multi_lang_txt(n,'DEFAULT','sk',UTL_RAW.Cast_To_Varchar2(HexToRaw('5665C4BE6BC3A9206669726D79')));
    multi_lang_txt(n,'DEFAULT','en',UTL_RAW.Cast_To_Varchar2(HexToRaw('4C6172676520436F6D70616E696573')));
END;
/
PROMPT /* ------------ CATALOG DEFINITION ACCOUNTTYPES ------------ */
DECLARE n Number;
BEGIN
BEGIN
  INSERT INTO CATALOG(CODE,TIMEBASED,PRIMARYKEYATTRIBUTENAMES,ORDERBYATTRIBUTENAMES,COMMONTABLEUSED,EDITABILITYMODE,ENTITYVERSIONATTRIBUTENAME)
  VALUES ('ACCOUNTTYPES',0,'ACCTYPEID','AccTypeId',0,'N','EntityTimestamp');
EXCEPTION WHEN DUP_VAL_ON_INDEX THEN
  UPDATE CATALOG SET TIMEBASED=0,PRIMARYKEYATTRIBUTENAMES='ACCTYPEID',ORDERBYATTRIBUTENAMES='AccTypeId',
    COMMONTABLEUSED=0,EDITABILITYMODE='N',ENTITYVERSIONATTRIBUTENAME='EntityTimestamp'
  WHERE CODE='ACCOUNTTYPES';
END;
  SELECT DISTINCT B.textID INTO n FROM CATALOG A, (SELECT textID FROM TEXTS) B WHERE A.textID=B.textID(+) and CODE='ACCOUNTTYPES';
  IF n IS NULL THEN
    n:=getnexttextid('');
    UPDATE CATALOG SET textID=n WHERE CODE='ACCOUNTTYPES';
  end if;
  multi_lang_txt(n,'DEFAULT','en',UTL_RAW.Cast_To_Varchar2(HexToRaw('4163636F756E74205479706573')));
END;
/
PROMPT /* ------------ CATALOG CLEANUP DELETE ------------ */
DELETE FROM ACCOUNTTYPES;

PROMPT /* ------------ CATALOG VALUES ------------ */
DECLARE n Number;
BEGIN
BEGIN
    INSERT INTO ACCOUNTTYPES (ACCTYPEID,STATUSID,ACCTYPEBISCODE,BRANCHID,DEFAULTADDNEWACCOUNT)
    VALUES ('1','1','CUR','0','1');
EXCEPTION WHEN DUP_VAL_ON_INDEX THEN
    UPDATE ACCOUNTTYPES SET STATUSID='1',ACCTYPEBISCODE='CUR',BRANCHID='0',DEFAULTADDNEWACCOUNT='1' WHERE ACCTYPEID='1';
END;SELECT DISTINCT B.textID INTO n FROM ACCOUNTTYPES A, (SELECT textID FROM TEXTS) B WHERE A.textID=B.textID(+) and ACCTYPEID='1';
IF n IS NULL THEN
    n:=getnexttextid('');
    UPDATE ACCOUNTTYPES SET textID=n WHERE ACCTYPEID='1';
END IF;
    multi_lang_txt(n,'DEFAULT','cs',UTL_RAW.Cast_To_Varchar2(HexToRaw('42C49BC5BE6EC3BD20C3BAC48D6574')));
    multi_lang_txt(n,'DEFAULT','sk',UTL_RAW.Cast_To_Varchar2(HexToRaw('4265C5BE6EC3BD20C3BAC48D6574')));
    multi_lang_txt(n,'DEFAULT','en',UTL_RAW.Cast_To_Varchar2(HexToRaw('43757272656E74206163636F756E74')));
END;
/
DECLARE n Number;
BEGIN
BEGIN
    INSERT INTO ACCOUNTTYPES (ACCTYPEID,STATUSID,ACCTYPEBISCODE,BRANCHID,DEFAULTADDNEWACCOUNT)
    VALUES ('2','1','SAV','0','1');
EXCEPTION WHEN DUP_VAL_ON_INDEX THEN
    UPDATE ACCOUNTTYPES SET STATUSID='1',ACCTYPEBISCODE='SAV',BRANCHID='0',DEFAULTADDNEWACCOUNT='1' WHERE ACCTYPEID='2';
END;SELECT DISTINCT B.textID INTO n FROM ACCOUNTTYPES A, (SELECT textID FROM TEXTS) B WHERE A.textID=B.textID(+) and ACCTYPEID='2';
IF n IS NULL THEN
    n:=getnexttextid('');
    UPDATE ACCOUNTTYPES SET textID=n WHERE ACCTYPEID='2';
END IF;
    multi_lang_txt(n,'DEFAULT','cs',UTL_RAW.Cast_To_Varchar2(HexToRaw('53706FC5996963C3AD20C3BAC48D6574')));
    multi_lang_txt(n,'DEFAULT','sk',UTL_RAW.Cast_To_Varchar2(HexToRaw('53706F726961636920C3BAC48D6574')));
    multi_lang_txt(n,'DEFAULT','en',UTL_RAW.Cast_To_Varchar2(HexToRaw('536176696E6773206163636F756E74')));
END;
/
commit;

PROMPT /* ------------ CATALOG DEFINITION VALUETYPES ------------ */
DECLARE n Number;
BEGIN
BEGIN
  INSERT INTO CATALOG(CODE,TIMEBASED,PRIMARYKEYATTRIBUTENAMES,ORDERBYATTRIBUTENAMES,COMMONTABLEUSED,EDITABILITYMODE,ENTITYVERSIONATTRIBUTENAME)
  VALUES ('VALUETYPES',0,'VALUETYPE','VALUETYPE',0,'H','');
EXCEPTION WHEN DUP_VAL_ON_INDEX THEN
  UPDATE CATALOG SET TIMEBASED=0,PRIMARYKEYATTRIBUTENAMES='VALUETYPE',ORDERBYATTRIBUTENAMES='VALUETYPE',
    COMMONTABLEUSED=0,EDITABILITYMODE='H',ENTITYVERSIONATTRIBUTENAME=''
  WHERE CODE='VALUETYPES';
END;
  SELECT DISTINCT B.textID INTO n FROM CATALOG A, (SELECT textID FROM TEXTS) B WHERE A.textID=B.textID(+) and CODE='VALUETYPES';
  IF n IS NULL THEN
    n:=getnexttextid('');
    UPDATE CATALOG SET textID=n WHERE CODE='VALUETYPES';
  end if;
  multi_lang_txt(n,'DEFAULT','en','VALUETYPES');
END;
/
PROMPT /* ------------ CATALOG CLEANUP DELETE ------------ */
DELETE FROM VALUETYPES;

PROMPT /* ------------ CATALOG VALUES ------------ */
PROMPT ---------------------------------------------------------------;
PROMPT TABLE VALUETYPES
PROMPT __________________________________________________________
PROMPT Data inserting/updating for VALUETYPE=0...
BEGIN
 Insert into VALUETYPES(VALUETYPE,DESCRIPTION)values(0,'none');
EXCEPTION When DUP_VAL_ON_INDEX then
 Update VALUETYPES set DESCRIPTION='none' where VALUETYPE=0;
END;
/
PROMPT __________________________________________________________
PROMPT Data inserting/updating for VALUETYPE=1...
BEGIN
 Insert into VALUETYPES(VALUETYPE,DESCRIPTION)values(1,'integer value');
EXCEPTION When DUP_VAL_ON_INDEX then
 Update VALUETYPES set DESCRIPTION='integer value' where VALUETYPE=1;
END;
/
PROMPT __________________________________________________________
PROMPT Data inserting/updating for VALUETYPE=2...
BEGIN
 Insert into VALUETYPES(VALUETYPE,DESCRIPTION)values(2,'floating value');
EXCEPTION When DUP_VAL_ON_INDEX then
 Update VALUETYPES set DESCRIPTION='floating value' where VALUETYPE=2;
END;
/
PROMPT __________________________________________________________
PROMPT Data inserting/updating for VALUETYPE=3...
BEGIN
 Insert into VALUETYPES(VALUETYPE,DESCRIPTION)values(3,'time interval (HH:MM - HH:MM)');
EXCEPTION When DUP_VAL_ON_INDEX then
 Update VALUETYPES set DESCRIPTION='time interval (HH:MM - HH:MM)' where VALUETYPE=3;
END;
/
PROMPT __________________________________________________________
PROMPT Data inserting/updating for VALUETYPE=4...
BEGIN
 Insert into VALUETYPES(VALUETYPE,DESCRIPTION)values(4,'IP address (a.b.c.d)');
EXCEPTION When DUP_VAL_ON_INDEX then
 Update VALUETYPES set DESCRIPTION='IP address (a.b.c.d)' where VALUETYPE=4;
END;
/
PROMPT __________________________________________________________
PROMPT Data inserting/updating for VALUETYPE=5...
BEGIN
 Insert into VALUETYPES(VALUETYPE,DESCRIPTION)values(5,'string list');
EXCEPTION When DUP_VAL_ON_INDEX then
 Update VALUETYPES set DESCRIPTION='string list' where VALUETYPE=5;
END;
/
PROMPT __________________________________________________________
PROMPT Data inserting/updating for VALUETYPE=6...
BEGIN
 Insert into VALUETYPES(VALUETYPE,DESCRIPTION)values(6,'day in week mask (32-bit value)');
EXCEPTION When DUP_VAL_ON_INDEX then
 Update VALUETYPES set DESCRIPTION='day in week mask (32-bit value)' where VALUETYPE=6;
END;
/
PROMPT __________________________________________________________
PROMPT Data inserting/updating for VALUETYPE=7...
BEGIN
 Insert into VALUETYPES(VALUETYPE,DESCRIPTION)values(7,'day in month mask (32-bit value)');
EXCEPTION When DUP_VAL_ON_INDEX then
 Update VALUETYPES set DESCRIPTION='day in month mask (32-bit value)' where VALUETYPE=7;
END;
/
PROMPT __________________________________________________________
PROMPT Data inserting/updating for VALUETYPE=8...
BEGIN
 Insert into VALUETYPES(VALUETYPE,DESCRIPTION)values(8,'month in year mask (32-bit value)');
EXCEPTION When DUP_VAL_ON_INDEX then
 Update VALUETYPES set DESCRIPTION='month in year mask (32-bit value)' where VALUETYPE=8;
END;
/
PROMPT __________________________________________________________
PROMPT Data inserting/updating for VALUETYPE=9...
BEGIN
 Insert into VALUETYPES(VALUETYPE,DESCRIPTION)values(9,'string value');
EXCEPTION When DUP_VAL_ON_INDEX then
 Update VALUETYPES set DESCRIPTION='string value' where VALUETYPE=9;
END;
/
PROMPT __________________________________________________________
PROMPT Data inserting/updating for VALUETYPE=10...
BEGIN
 Insert into VALUETYPES(VALUETYPE,DESCRIPTION)values(10,'account list');
EXCEPTION When DUP_VAL_ON_INDEX then
 Update VALUETYPES set DESCRIPTION='account list' where VALUETYPE=10;
END;
/
PROMPT __________________________________________________________
PROMPT Data inserting/updating for VALUETYPE=11...
BEGIN
 Insert into VALUETYPES(VALUETYPE,DESCRIPTION)values(11,'amount');
EXCEPTION When DUP_VAL_ON_INDEX then
 Update VALUETYPES set DESCRIPTION='amount' where VALUETYPE=11;
END;
/
PROMPT ---------------------------------------------------------------;
commit;

PROMPT /* ------------ CATALOG DEFINITION RESTRICTIONTYPES ------------ */
DECLARE n Number;
BEGIN
BEGIN
  INSERT INTO CATALOG(CODE,TIMEBASED,PRIMARYKEYATTRIBUTENAMES,ORDERBYATTRIBUTENAMES,COMMONTABLEUSED,EDITABILITYMODE,ENTITYVERSIONATTRIBUTENAME)
  VALUES ('RESTRICTIONTYPES',0,'RESTRICTIONID','RESTRICTIONID',0,'H','');
EXCEPTION WHEN DUP_VAL_ON_INDEX THEN
  UPDATE CATALOG SET TIMEBASED=0,PRIMARYKEYATTRIBUTENAMES='RESTRICTIONID',ORDERBYATTRIBUTENAMES='RESTRICTIONID',
    COMMONTABLEUSED=0,EDITABILITYMODE='H',ENTITYVERSIONATTRIBUTENAME=''
  WHERE CODE='RESTRICTIONTYPES';
END;
  SELECT DISTINCT B.textID INTO n FROM CATALOG A, (SELECT textID FROM TEXTS) B WHERE A.textID=B.textID(+) and CODE='RESTRICTIONTYPES';
  IF n IS NULL THEN
    n:=getnexttextid('');
    UPDATE CATALOG SET textID=n WHERE CODE='RESTRICTIONTYPES';
  end if;
  multi_lang_txt(n,'DEFAULT','en','RESTRICTIONTYPES');
END;
/
PROMPT /* ------------ CATALOG CLEANUP DELETE ------------ */
DELETE FROM RESTRICTIONTYPES;

PROMPT /* ------------ CATALOG VALUES ------------ */
CREATE OR REPLACE
Function vidle_hex(ivhex varchar2) return varchar2 is
Begin
  Return utl_raw.cast_to_varchar2(hextoraw(ivhex));
End;
/
CREATE OR REPLACE
Procedure vidle_txt(atid number,apid varchar2,alng varchar2,atxt varchar2) is
 tmp pls_integer;
Begin
  select count(*) into tmp from SUPPORTEDLANG where langid = alng;
  if tmp > 0 then
    Insert into LANGUAGETEXTS(PurposeID,TextID,LangID,Text)values(apid,atid,alng,atxt);
  end if;
Exception
  When DUP_VAL_ON_INDEX then
    Update LANGUAGETEXTS set Text=atxt where textID=atid and PurposeID=apid and LangID=alng;
  When OTHERS then
    dbms_output.put_line(substr('PurposeID: '||apid||', LangID: '||alng||', Text: '||atxt,1,255));
    dbms_output.put_line(substr(sqlerrm,1,255));
End;
/
PROMPT ;
PROMPT ---------------------------------------------------------------;
PROMPT TABLE RESTRICTIONTYPES
PROMPT __________________________________________________________
PROMPT Data inserting/updating for RESTRICTIONID=0...
DECLARE N Number;
BEGIN
BEGIN
 Insert into RESTRICTIONTYPES(RESTRICTIONID,VALUETYPE)values(0,0);
EXCEPTION When DUP_VAL_ON_INDEX then
 Update RESTRICTIONTYPES set VALUETYPE=0 where RESTRICTIONID=0;
END;
 Select distinct B.textID into N from RESTRICTIONTYPES A, (SELECT textID FROM TEXTS) B where A.TEXTID=B.TextID(+) and RESTRICTIONID=0;
 if N is null then 
  N:=GETNEXTTEXTID('RESTRICTIONTYPES');
  Update RESTRICTIONTYPES set TEXTID=N where RESTRICTIONID=0;
 end if;
 vidle_txt(N,'DEFAULT','en','No constrain');
END;
/
PROMPT __________________________________________________________
PROMPT Data inserting/updating for RESTRICTIONID=10...
DECLARE N Number;
BEGIN
BEGIN
 Insert into RESTRICTIONTYPES(RESTRICTIONID,VALUETYPE)values(10,11);
EXCEPTION When DUP_VAL_ON_INDEX then
 Update RESTRICTIONTYPES set VALUETYPE=11 where RESTRICTIONID=10;
END;
 Select distinct B.textID into N from RESTRICTIONTYPES A, (SELECT textID FROM TEXTS) B where A.TEXTID=B.TextID(+) and RESTRICTIONID=10;
 if N is null then 
  N:=GETNEXTTEXTID('RESTRICTIONTYPES');
  Update RESTRICTIONTYPES set TEXTID=N where RESTRICTIONID=10;
 end if;
 vidle_txt(N,'DEFAULT','en','Limited amount per one payment');
END;
/
PROMPT __________________________________________________________
PROMPT Data inserting/updating for RESTRICTIONID=11...
DECLARE N Number;
BEGIN
BEGIN
 Insert into RESTRICTIONTYPES(RESTRICTIONID,VALUETYPE)values(11,11);
EXCEPTION When DUP_VAL_ON_INDEX then
 Update RESTRICTIONTYPES set VALUETYPE=11 where RESTRICTIONID=11;
END;
 Select distinct B.textID into N from RESTRICTIONTYPES A, (SELECT textID FROM TEXTS) B where A.TEXTID=B.TextID(+) and RESTRICTIONID=11;
 if N is null then 
  N:=GETNEXTTEXTID('RESTRICTIONTYPES');
  Update RESTRICTIONTYPES set TEXTID=N where RESTRICTIONID=11;
 end if;
 vidle_txt(N,'DEFAULT','en','Limited amount per one payment batch');
END;
/
PROMPT __________________________________________________________
PROMPT Data inserting/updating for RESTRICTIONID=12...
DECLARE N Number;
BEGIN
BEGIN
 Insert into RESTRICTIONTYPES(RESTRICTIONID,VALUETYPE)values(12,11);
EXCEPTION When DUP_VAL_ON_INDEX then
 Update RESTRICTIONTYPES set VALUETYPE=11 where RESTRICTIONID=12;
END;
 Select distinct B.textID into N from RESTRICTIONTYPES A, (SELECT textID FROM TEXTS) B where A.TEXTID=B.TextID(+) and RESTRICTIONID=12;
 if N is null then 
  N:=GETNEXTTEXTID('RESTRICTIONTYPES');
  Update RESTRICTIONTYPES set TEXTID=N where RESTRICTIONID=12;
 end if;
 vidle_txt(N,'DEFAULT','en','Day amount limit constrain');
END;
/
PROMPT __________________________________________________________
PROMPT Data inserting/updating for RESTRICTIONID=13...
DECLARE N Number;
BEGIN
BEGIN
 Insert into RESTRICTIONTYPES(RESTRICTIONID,VALUETYPE)values(13,11);
EXCEPTION When DUP_VAL_ON_INDEX then
 Update RESTRICTIONTYPES set VALUETYPE=11 where RESTRICTIONID=13;
END;
 Select distinct B.textID into N from RESTRICTIONTYPES A, (SELECT textID FROM TEXTS) B where A.TEXTID=B.TextID(+) and RESTRICTIONID=13;
 if N is null then 
  N:=GETNEXTTEXTID('RESTRICTIONTYPES');
  Update RESTRICTIONTYPES set TEXTID=N where RESTRICTIONID=13;
 end if;
 vidle_txt(N,'DEFAULT','en','Limited amount per week');
END;
/
PROMPT __________________________________________________________
PROMPT Data inserting/updating for RESTRICTIONID=14...
DECLARE N Number;
BEGIN
BEGIN
 Insert into RESTRICTIONTYPES(RESTRICTIONID,VALUETYPE)values(14,11);
EXCEPTION When DUP_VAL_ON_INDEX then
 Update RESTRICTIONTYPES set VALUETYPE=11 where RESTRICTIONID=14;
END;
 Select distinct B.textID into N from RESTRICTIONTYPES A, (SELECT textID FROM TEXTS) B where A.TEXTID=B.TextID(+) and RESTRICTIONID=14;
 if N is null then 
  N:=GETNEXTTEXTID('RESTRICTIONTYPES');
  Update RESTRICTIONTYPES set TEXTID=N where RESTRICTIONID=14;
 end if;
 vidle_txt(N,'DEFAULT','en','Limited amount per month');
END;
/
PROMPT __________________________________________________________
PROMPT Data inserting/updating for RESTRICTIONID=15...
DECLARE N Number;
BEGIN
BEGIN
 Insert into RESTRICTIONTYPES(RESTRICTIONID,VALUETYPE)values(15,5);
EXCEPTION When DUP_VAL_ON_INDEX then
 Update RESTRICTIONTYPES set VALUETYPE=5 where RESTRICTIONID=15;
END;
 Select distinct B.textID into N from RESTRICTIONTYPES A, (SELECT textID FROM TEXTS) B where A.TEXTID=B.TextID(+) and RESTRICTIONID=15;
 if N is null then 
  N:=GETNEXTTEXTID('RESTRICTIONTYPES');
  Update RESTRICTIONTYPES set TEXTID=N where RESTRICTIONID=15;
 end if;
 vidle_txt(N,'DEFAULT','en','Only allowed partners account');
END;
/
PROMPT __________________________________________________________
PROMPT Data inserting/updating for RESTRICTIONID=16...
DECLARE N Number;
BEGIN
BEGIN
 Insert into RESTRICTIONTYPES(RESTRICTIONID,VALUETYPE)values(16,3);
EXCEPTION When DUP_VAL_ON_INDEX then
 Update RESTRICTIONTYPES set VALUETYPE=3 where RESTRICTIONID=16;
END;
 Select distinct B.textID into N from RESTRICTIONTYPES A, (SELECT textID FROM TEXTS) B where A.TEXTID=B.TextID(+) and RESTRICTIONID=16;
 if N is null then 
  N:=GETNEXTTEXTID('RESTRICTIONTYPES');
  Update RESTRICTIONTYPES set TEXTID=N where RESTRICTIONID=16;
 end if;
 vidle_txt(N,'DEFAULT','en','Time limited system access');
END;
/
PROMPT __________________________________________________________
PROMPT Data inserting/updating for RESTRICTIONID=17...
DECLARE N Number;
BEGIN
BEGIN
 Insert into RESTRICTIONTYPES(RESTRICTIONID,VALUETYPE)values(17,4);
EXCEPTION When DUP_VAL_ON_INDEX then
 Update RESTRICTIONTYPES set VALUETYPE=4 where RESTRICTIONID=17;
END;
 Select distinct B.textID into N from RESTRICTIONTYPES A, (SELECT textID FROM TEXTS) B where A.TEXTID=B.TextID(+) and RESTRICTIONID=17;
 if N is null then 
  N:=GETNEXTTEXTID('RESTRICTIONTYPES');
  Update RESTRICTIONTYPES set TEXTID=N where RESTRICTIONID=17;
 end if;
 vidle_txt(N,'DEFAULT','en','Access restricted on IP address');
END;
/
PROMPT __________________________________________________________
PROMPT Data inserting/updating for RESTRICTIONID=18...
DECLARE N Number;
BEGIN
BEGIN
 Insert into RESTRICTIONTYPES(RESTRICTIONID,VALUETYPE)values(18,6);
EXCEPTION When DUP_VAL_ON_INDEX then
 Update RESTRICTIONTYPES set VALUETYPE=6 where RESTRICTIONID=18;
END;
 Select distinct B.textID into N from RESTRICTIONTYPES A, (SELECT textID FROM TEXTS) B where A.TEXTID=B.TextID(+) and RESTRICTIONID=18;
 if N is null then 
  N:=GETNEXTTEXTID('RESTRICTIONTYPES');
  Update RESTRICTIONTYPES set TEXTID=N where RESTRICTIONID=18;
 end if;
 vidle_txt(N,'DEFAULT','en','System access mask within a week');
END;
/
PROMPT __________________________________________________________
PROMPT Data inserting/updating for RESTRICTIONID=19...
DECLARE N Number;
BEGIN
BEGIN
 Insert into RESTRICTIONTYPES(RESTRICTIONID,VALUETYPE)values(19,7);
EXCEPTION When DUP_VAL_ON_INDEX then
 Update RESTRICTIONTYPES set VALUETYPE=7 where RESTRICTIONID=19;
END;
 Select distinct B.textID into N from RESTRICTIONTYPES A, (SELECT textID FROM TEXTS) B where A.TEXTID=B.TextID(+) and RESTRICTIONID=19;
 if N is null then 
  N:=GETNEXTTEXTID('RESTRICTIONTYPES');
  Update RESTRICTIONTYPES set TEXTID=N where RESTRICTIONID=19;
 end if;
 vidle_txt(N,'DEFAULT','en','System access mask within a month');
END;
/
PROMPT __________________________________________________________
PROMPT Data inserting/updating for RESTRICTIONID=20...
DECLARE N Number;
BEGIN
BEGIN
 Insert into RESTRICTIONTYPES(RESTRICTIONID,VALUETYPE)values(20,8);
EXCEPTION When DUP_VAL_ON_INDEX then
 Update RESTRICTIONTYPES set VALUETYPE=8 where RESTRICTIONID=20;
END;
 Select distinct B.textID into N from RESTRICTIONTYPES A, (SELECT textID FROM TEXTS) B where A.TEXTID=B.TextID(+) and RESTRICTIONID=20;
 if N is null then 
  N:=GETNEXTTEXTID('RESTRICTIONTYPES');
  Update RESTRICTIONTYPES set TEXTID=N where RESTRICTIONID=20;
 end if;
 vidle_txt(N,'DEFAULT','en','System access mask within a year');
END;
/
PROMPT ---------------------------------------------------------------;
commit;
DROP function vidle_hex
/
DROP procedure vidle_txt
/

PROMPT /* ------------ CATALOG DEFINITION TEXTPURPOSETYPES ------------ */
DECLARE n Number;
BEGIN
BEGIN
  INSERT INTO CATALOG(CODE,TIMEBASED,PRIMARYKEYATTRIBUTENAMES,ORDERBYATTRIBUTENAMES,COMMONTABLEUSED,EDITABILITYMODE,ENTITYVERSIONATTRIBUTENAME)
  VALUES ('TEXTPURPOSETYPES',0,'PURPOSEID','PURPOSEID',0,'H','');
EXCEPTION WHEN DUP_VAL_ON_INDEX THEN
  UPDATE CATALOG SET TIMEBASED=0,PRIMARYKEYATTRIBUTENAMES='PURPOSEID',ORDERBYATTRIBUTENAMES='PURPOSEID',
    COMMONTABLEUSED=0,EDITABILITYMODE='H',ENTITYVERSIONATTRIBUTENAME=''
  WHERE CODE='TEXTPURPOSETYPES';
END;
  SELECT DISTINCT B.textID INTO n FROM CATALOG A, (SELECT textID FROM TEXTS) B WHERE A.textID=B.textID(+) and CODE='TEXTPURPOSETYPES';
  IF n IS NULL THEN
    n:=getnexttextid('');
    UPDATE CATALOG SET textID=n WHERE CODE='TEXTPURPOSETYPES';
  end if;
  multi_lang_txt(n,'DEFAULT','en','TEXTPURPOSETYPES');
END;
/
PROMPT /* ------------ CATALOG CLEANUP DELETE ------------ */
DELETE FROM TEXTPURPOSETYPES;

PROMPT /* ------------ CATALOG VALUES ------------ */
PROMPT ---------------------------------------------------------------;
PROMPT TABLE TEXTPURPOSETYPES
PROMPT __________________________________________________________
PROMPT Data inserting/updating for PURPOSEID='DEFAULT'...
BEGIN
 Insert into TEXTPURPOSETYPES(PURPOSEID,SUBSTPURPOSEID,DESCRIPTION)values('DEFAULT','DEFAULT','Default value - records from original LanguageTexts');
EXCEPTION When DUP_VAL_ON_INDEX then
 Update TEXTPURPOSETYPES set SUBSTPURPOSEID='DEFAULT',DESCRIPTION='Default value - records from original LanguageTexts' where PURPOSEID='DEFAULT';
END;
/
PROMPT __________________________________________________________
PROMPT Data inserting/updating for PURPOSEID='5.GMOTPL.1'...
BEGIN
 Insert into TEXTPURPOSETYPES(PURPOSEID,SUBSTPURPOSEID,DESCRIPTION)values('5.GMOTPL.1','5.GMOTPL.1','<ChannelID>.GMOTPL.<Counter> - Text used for selected ChannelID in GMOTPL');
EXCEPTION When DUP_VAL_ON_INDEX then
 Update TEXTPURPOSETYPES set SUBSTPURPOSEID='5.GMOTPL.1',DESCRIPTION='<ChannelID>.GMOTPL.<Counter> - Text used for selected ChannelID in GMOTPL' where PURPOSEID='5.GMOTPL.1';
END;
/
PROMPT __________________________________________________________
PROMPT Data inserting/updating for PURPOSEID='5.GMOTPL.2'...
BEGIN
 Insert into TEXTPURPOSETYPES(PURPOSEID,SUBSTPURPOSEID,DESCRIPTION)values('5.GMOTPL.2','5.GMOTPL.2','<ChannelID>.GMOTPL.<Counter> - Text used for selected ChannelID in GMOTPL');
EXCEPTION When DUP_VAL_ON_INDEX then
 Update TEXTPURPOSETYPES set SUBSTPURPOSEID='5.GMOTPL.2',DESCRIPTION='<ChannelID>.GMOTPL.<Counter> - Text used for selected ChannelID in GMOTPL' where PURPOSEID='5.GMOTPL.2';
END;
/
PROMPT __________________________________________________________
PROMPT Data inserting/updating for PURPOSEID='5.ST.1'...
BEGIN
 Insert into TEXTPURPOSETYPES(PURPOSEID,SUBSTPURPOSEID,DESCRIPTION)values('5.ST.1','5.ST.1','<ChannelID>.ST.<Counter> - ShortText used for selected ChannelID');
EXCEPTION When DUP_VAL_ON_INDEX then
 Update TEXTPURPOSETYPES set SUBSTPURPOSEID='5.ST.1',DESCRIPTION='<ChannelID>.ST.<Counter> - ShortText used for selected ChannelID' where PURPOSEID='5.ST.1';
END;
/
PROMPT ---------------------------------------------------------------;
commit;

PROMPT /* ------------ CATALOG DEFINITION ENTITYNAMES ------------ */
DECLARE n Number;
BEGIN
BEGIN
  INSERT INTO CATALOG(CODE,TIMEBASED,PRIMARYKEYATTRIBUTENAMES,ORDERBYATTRIBUTENAMES,COMMONTABLEUSED,EDITABILITYMODE,ENTITYVERSIONATTRIBUTENAME)
  VALUES ('ENTITYNAMES',0,'ENTITYNAMEID','ENTITYNAMEID',0,'H','');
EXCEPTION WHEN DUP_VAL_ON_INDEX THEN
  UPDATE CATALOG SET TIMEBASED=0,PRIMARYKEYATTRIBUTENAMES='ENTITYNAMEID',ORDERBYATTRIBUTENAMES='ENTITYNAMEID',
    COMMONTABLEUSED=0,EDITABILITYMODE='H',ENTITYVERSIONATTRIBUTENAME=''
  WHERE CODE='ENTITYNAMES';
END;
  SELECT DISTINCT B.textID INTO n FROM CATALOG A, (SELECT textID FROM TEXTS) B WHERE A.textID=B.textID(+) and CODE='ENTITYNAMES';
  IF n IS NULL THEN
    n:=getnexttextid('');
    UPDATE CATALOG SET textID=n WHERE CODE='ENTITYNAMES';
  end if;
  multi_lang_txt(n,'DEFAULT','en','ENTITYNAMES');
END;
/
PROMPT /* ------------ CATALOG CLEANUP DELETE ------------ */
DELETE FROM ENTITYNAMES;

PROMPT /* ------------ CATALOG VALUES ------------ */
PROMPT ---------------------------------------------------------------;
PROMPT TABLE ENTITYNAMES
PROMPT __________________________________________________________
PROMPT Data inserting/updating for ENTITYNAMEID=1...
BEGIN
 Insert into ENTITYNAMES(ENTITYNAMEID,ENTITYNAME)values(1,'CLIENTRIGHTS');
EXCEPTION When DUP_VAL_ON_INDEX then
 Update ENTITYNAMES set ENTITYNAME='CLIENTRIGHTS' where ENTITYNAMEID=1;
END;
/
PROMPT __________________________________________________________
PROMPT Data inserting/updating for ENTITYNAMEID=2...
BEGIN
 Insert into ENTITYNAMES(ENTITYNAMEID,ENTITYNAME)values(2,'RIGHTPROFILEDEFINITIONS');
EXCEPTION When DUP_VAL_ON_INDEX then
 Update ENTITYNAMES set ENTITYNAME='RIGHTPROFILEDEFINITIONS' where ENTITYNAMEID=2;
END;
/
PROMPT __________________________________________________________
PROMPT Data inserting/updating for ENTITYNAMEID=3...
BEGIN
 Insert into ENTITYNAMES(ENTITYNAMEID,ENTITYNAME)values(3,'CLIENTUSERRIGHTPROFILES');
EXCEPTION When DUP_VAL_ON_INDEX then
 Update ENTITYNAMES set ENTITYNAME='CLIENTUSERRIGHTPROFILES' where ENTITYNAMEID=3;
END;
/
PROMPT ---------------------------------------------------------------;
commit;

PROMPT Enable all foreign key constraints and triggers
begin
  for rec in (select * from user_constraints where constraint_type = 'R' and status != 'ENABLED') loop
    execute immediate 'alter table '||rec.table_name||' enable constraint '||rec.constraint_name;
  end loop;
  commit;
  for rec in (select * from user_triggers where status != 'ENABLED') loop
    execute immediate 'alter trigger '||rec.trigger_name||' enable';
  end loop;
  commit; 
end;
/

PROMPT DROP Procedure multi_lang_txt
DROP Procedure multi_lang_txt
/

spool off
EXIT